image_path,label,split
C:\Users\Reymund\.cache\kagglehub\datasets\iamsouravbanerjee\animal-image-dataset-90-different-animals\versions\5\animals\animals\antelope\6cd126d1c1.jpg,antelope,train
C:\Users\Reymund\.cache\kagglehub\datasets\iamsouravbanerjee\animal-image-dataset-90-different-animals\versions\5\animals\animals\antelope\2d2dd75fb8.jpg,antelope,train
C:\Users\Reymund\.cache\kagglehub\datasets\iamsouravbanerjee\animal-image-dataset-90-different-animals\versions\5\animals\animals\antelope\9c4d85f9d8.jpg,antelope,train
C:\Users\Reymund\.cache\kagglehub\datasets\iamsouravbanerjee\animal-image-dataset-90-different-animals\versions\5\animals\animals\antelope\17a07512e9.jpg,antelope,train
C:\Users\Reymund\.cache\kagglehub\datasets\iamsouravbanerjee\animal-image-dataset-90-different-animals\versions\5\animals\animals\antelope\1d556456dc.jpg,antelope,train
C:\Users\Reymund\.cache\kagglehub\datasets\iamsouravbanerjee\animal-image-dataset-90-different-animals\versions\5\animals\animals\antelope\27a5369441.jpg,antelope,train
C:\Users\Reymund\.cache\kagglehub\datasets\iamsouravbanerjee\animal-image-dataset-90-different-animals\versions\5\animals\animals\antelope\9e39fc9334.jpg,antelope,train
C:\Users\Reymund\.cache\kagglehub\datasets\iamsouravbanerjee\animal-image-dataset-90-different-animals\versions\5\animals\animals\antelope\fc6545699d.jpg,antelope,train
C:\Users\Reymund\.cache\kagglehub\datasets\iamsouravbanerjee\animal-image-dataset-90-different-animals\versions\5\animals\animals\antelope\61f99c8534.jpg,antelope,train
C:\Users\Reymund\.cache\kagglehub\datasets\iamsouravbanerjee\animal-image-dataset-90-different-animals\versions\5\animals\animals\antelope\26ffc1ee1f.jpg,antelope,train
C:\Users\Reymund\.cache\kagglehub\datasets\iamsouravbanerjee\animal-image-dataset-90-different-animals\versions\5\animals\animals\antelope\0fb2e9aa81.jpg,antelope,train
C:\Users\Reymund\.cache\kagglehub\datasets\iamsouravbanerjee\animal-image-dataset-90-different-animals\versions\5\animals\animals\antelope\6aa06f252d.jpg,antelope,train
C:\Users\Reymund\.cache\kagglehub\datasets\iamsouravbanerjee\animal-image-dataset-90-different-animals\versions\5\animals\animals\antelope\54a58b5f0a.jpg,antelope,train
C:\Users\Reymund\.cache\kagglehub\datasets\iamsouravbanerjee\animal-image-dataset-90-different-animals\versions\5\animals\animals\antelope\82e0981104.jpg,antelope,train
C:\Users\Reymund\.cache\kagglehub\datasets\iamsouravbanerjee\animal-image-dataset-90-different-animals\versions\5\animals\animals\antelope\4e5b190ff0.jpg,antelope,train
C:\Users\Reymund\.cache\kagglehub\datasets\iamsouravbanerjee\animal-image-dataset-90-different-animals\versions\5\animals\animals\antelope\95db50fb56.jpg,antelope,train
C:\Users\Reymund\.cache\kagglehub\datasets\iamsouravbanerjee\animal-image-dataset-90-different-animals\versions\5\animals\animals\antelope\0a37838e99.jpg,antelope,train
C:\Users\Reymund\.cache\kagglehub\datasets\iamsouravbanerjee\animal-image-dataset-90-different-animals\versions\5\animals\animals\antelope\27d251fa65.jpg,antelope,train
C:\Users\Reymund\.cache\kagglehub\datasets\iamsouravbanerjee\animal-image-dataset-90-different-animals\versions\5\animals\animals\antelope\9a58695d48.jpg,antelope,train
C:\Users\Reymund\.cache\kagglehub\datasets\iamsouravbanerjee\animal-image-dataset-90-different-animals\versions\5\animals\animals\antelope\0b1a3af197.jpg,antelope,train
C:\Users\Reymund\.cache\kagglehub\datasets\iamsouravbanerjee\animal-image-dataset-90-different-animals\versions\5\animals\animals\antelope\41f6b61453.jpg,antelope,train
C:\Users\Reymund\.cache\kagglehub\datasets\iamsouravbanerjee\animal-image-dataset-90-different-animals\versions\5\animals\animals\antelope\0fe7076f06.jpg,antelope,train
C:\Users\Reymund\.cache\kagglehub\datasets\iamsouravbanerjee\animal-image-dataset-90-different-animals\versions\5\animals\animals\antelope\fd085737a4.jpg,antelope,train
C:\Users\Reymund\.cache\kagglehub\datasets\iamsouravbanerjee\animal-image-dataset-90-different-animals\versions\5\animals\animals\antelope\2c11ae88c0.jpg,antelope,train
C:\Users\Reymund\.cache\kagglehub\datasets\iamsouravbanerjee\animal-image-dataset-90-different-animals\versions\5\animals\animals\antelope\72e3e735f7.jpg,antelope,train
C:\Users\Reymund\.cache\kagglehub\datasets\iamsouravbanerjee\animal-image-dataset-90-different-animals\versions\5\animals\animals\antelope\2efa7906c2.jpg,antelope,train
C:\Users\Reymund\.cache\kagglehub\datasets\iamsouravbanerjee\animal-image-dataset-90-different-animals\versions\5\animals\animals\antelope\02f4b3be2d.jpg,antelope,train
C:\Users\Reymund\.cache\kagglehub\datasets\iamsouravbanerjee\animal-image-dataset-90-different-animals\versions\5\animals\animals\antelope\7e12bc4942.jpg,antelope,train
C:\Users\Reymund\.cache\kagglehub\datasets\iamsouravbanerjee\animal-image-dataset-90-different-animals\versions\5\animals\animals\antelope\34e5155c46.jpg,antelope,train
C:\Users\Reymund\.cache\kagglehub\datasets\iamsouravbanerjee\animal-image-dataset-90-different-animals\versions\5\animals\animals\antelope\9b08d5d668.jpg,antelope,train
C:\Users\Reymund\.cache\kagglehub\datasets\iamsouravbanerjee\animal-image-dataset-90-different-animals\versions\5\animals\animals\antelope\24b29ea96e.jpg,antelope,train
C:\Users\Reymund\.cache\kagglehub\datasets\iamsouravbanerjee\animal-image-dataset-90-different-animals\versions\5\animals\animals\antelope\41d70d1f6b.jpg,antelope,train
C:\Users\Reymund\.cache\kagglehub\datasets\iamsouravbanerjee\animal-image-dataset-90-different-animals\versions\5\animals\animals\antelope\6fb2619e84.jpg,antelope,train
C:\Users\Reymund\.cache\kagglehub\datasets\iamsouravbanerjee\animal-image-dataset-90-different-animals\versions\5\animals\animals\antelope\37fccb303f.jpg,antelope,train
C:\Users\Reymund\.cache\kagglehub\datasets\iamsouravbanerjee\animal-image-dataset-90-different-animals\versions\5\animals\animals\antelope\8bab6ca1d3.jpg,antelope,train
C:\Users\Reymund\.cache\kagglehub\datasets\iamsouravbanerjee\animal-image-dataset-90-different-animals\versions\5\animals\animals\antelope\17ddf07f85.jpg,antelope,train
C:\Users\Reymund\.cache\kagglehub\datasets\iamsouravbanerjee\animal-image-dataset-90-different-animals\versions\5\animals\animals\antelope\68eb12a751.jpg,antelope,train
C:\Users\Reymund\.cache\kagglehub\datasets\iamsouravbanerjee\animal-image-dataset-90-different-animals\versions\5\animals\animals\antelope\73c2ef82e2.jpg,antelope,train
C:\Users\Reymund\.cache\kagglehub\datasets\iamsouravbanerjee\animal-image-dataset-90-different-animals\versions\5\animals\animals\antelope\61c60311b5.jpg,antelope,train
C:\Users\Reymund\.cache\kagglehub\datasets\iamsouravbanerjee\animal-image-dataset-90-different-animals\versions\5\animals\animals\antelope\9b9623816d.jpg,antelope,train
C:\Users\Reymund\.cache\kagglehub\datasets\iamsouravbanerjee\animal-image-dataset-90-different-animals\versions\5\animals\animals\antelope\1a3f59ee02.jpg,antelope,train
C:\Users\Reymund\.cache\kagglehub\datasets\iamsouravbanerjee\animal-image-dataset-90-different-animals\versions\5\animals\animals\antelope\8a55e17288.jpg,antelope,train
C:\Users\Reymund\.cache\kagglehub\datasets\iamsouravbanerjee\animal-image-dataset-90-different-animals\versions\5\animals\animals\antelope\fc1dd26858.jpg,antelope,val
C:\Users\Reymund\.cache\kagglehub\datasets\iamsouravbanerjee\animal-image-dataset-90-different-animals\versions\5\animals\animals\antelope\058fa9a60f.jpg,antelope,val
C:\Users\Reymund\.cache\kagglehub\datasets\iamsouravbanerjee\animal-image-dataset-90-different-animals\versions\5\animals\animals\antelope\3a3ea34fb6.jpg,antelope,val
C:\Users\Reymund\.cache\kagglehub\datasets\iamsouravbanerjee\animal-image-dataset-90-different-animals\versions\5\animals\animals\antelope\6b26150e67.jpg,antelope,val
C:\Users\Reymund\.cache\kagglehub\datasets\iamsouravbanerjee\animal-image-dataset-90-different-animals\versions\5\animals\animals\antelope\0b688923b0.jpg,antelope,val
C:\Users\Reymund\.cache\kagglehub\datasets\iamsouravbanerjee\animal-image-dataset-90-different-animals\versions\5\animals\animals\antelope\65fd7f96e5.jpg,antelope,val
C:\Users\Reymund\.cache\kagglehub\datasets\iamsouravbanerjee\animal-image-dataset-90-different-animals\versions\5\animals\animals\antelope\9acc1d8400.jpg,antelope,val
C:\Users\Reymund\.cache\kagglehub\datasets\iamsouravbanerjee\animal-image-dataset-90-different-animals\versions\5\animals\animals\antelope\7cf6c0e8c0.jpg,antelope,val
C:\Users\Reymund\.cache\kagglehub\datasets\iamsouravbanerjee\animal-image-dataset-90-different-animals\versions\5\animals\animals\antelope\0c16ef86c0.jpg,antelope,val
C:\Users\Reymund\.cache\kagglehub\datasets\iamsouravbanerjee\animal-image-dataset-90-different-animals\versions\5\animals\animals\antelope\fab6e81536.jpg,antelope,test
C:\Users\Reymund\.cache\kagglehub\datasets\iamsouravbanerjee\animal-image-dataset-90-different-animals\versions\5\animals\animals\antelope\0ee903ea13.jpg,antelope,test
C:\Users\Reymund\.cache\kagglehub\datasets\iamsouravbanerjee\animal-image-dataset-90-different-animals\versions\5\animals\animals\antelope\1b0b0b614b.jpg,antelope,test
C:\Users\Reymund\.cache\kagglehub\datasets\iamsouravbanerjee\animal-image-dataset-90-different-animals\versions\5\animals\animals\antelope\1d3c6105c9.jpg,antelope,test
C:\Users\Reymund\.cache\kagglehub\datasets\iamsouravbanerjee\animal-image-dataset-90-different-animals\versions\5\animals\animals\antelope\1db1ad56e5.jpg,antelope,test
C:\Users\Reymund\.cache\kagglehub\datasets\iamsouravbanerjee\animal-image-dataset-90-different-animals\versions\5\animals\animals\antelope\8b1539144f.jpg,antelope,test
C:\Users\Reymund\.cache\kagglehub\datasets\iamsouravbanerjee\animal-image-dataset-90-different-animals\versions\5\animals\animals\antelope\03d7fc0888.jpg,antelope,test
C:\Users\Reymund\.cache\kagglehub\datasets\iamsouravbanerjee\animal-image-dataset-90-different-animals\versions\5\animals\animals\antelope\0e17715606.jpg,antelope,test
C:\Users\Reymund\.cache\kagglehub\datasets\iamsouravbanerjee\animal-image-dataset-90-different-animals\versions\5\animals\animals\antelope\71e7414274.jpg,antelope,test
C:\Users\Reymund\.cache\kagglehub\datasets\iamsouravbanerjee\animal-image-dataset-90-different-animals\versions\5\animals\animals\badger\4c2236afb5.jpg,badger,train
C:\Users\Reymund\.cache\kagglehub\datasets\iamsouravbanerjee\animal-image-dataset-90-different-animals\versions\5\animals\animals\badger\474f28df0a.jpg,badger,train
C:\Users\Reymund\.cache\kagglehub\datasets\iamsouravbanerjee\animal-image-dataset-90-different-animals\versions\5\animals\animals\badger\00f56e5c92.jpg,badger,train
C:\Users\Reymund\.cache\kagglehub\datasets\iamsouravbanerjee\animal-image-dataset-90-different-animals\versions\5\animals\animals\badger\709f331442.jpg,badger,train
C:\Users\Reymund\.cache\kagglehub\datasets\iamsouravbanerjee\animal-image-dataset-90-different-animals\versions\5\animals\animals\badger\8d46358cff.jpg,badger,train
C:\Users\Reymund\.cache\kagglehub\datasets\iamsouravbanerjee\animal-image-dataset-90-different-animals\versions\5\animals\animals\badger\21ec1b1f1a.jpg,badger,train
C:\Users\Reymund\.cache\kagglehub\datasets\iamsouravbanerjee\animal-image-dataset-90-different-animals\versions\5\animals\animals\badger\6f6978e81e.jpg,badger,train
C:\Users\Reymund\.cache\kagglehub\datasets\iamsouravbanerjee\animal-image-dataset-90-different-animals\versions\5\animals\animals\badger\648af59ce9.jpg,badger,train
C:\Users\Reymund\.cache\kagglehub\datasets\iamsouravbanerjee\animal-image-dataset-90-different-animals\versions\5\animals\animals\badger\285fa8e668.jpg,badger,train
C:\Users\Reymund\.cache\kagglehub\datasets\iamsouravbanerjee\animal-image-dataset-90-different-animals\versions\5\animals\animals\badger\4e04eaba81.jpg,badger,train
C:\Users\Reymund\.cache\kagglehub\datasets\iamsouravbanerjee\animal-image-dataset-90-different-animals\versions\5\animals\animals\badger\3e9f67e828.jpg,badger,train
C:\Users\Reymund\.cache\kagglehub\datasets\iamsouravbanerjee\animal-image-dataset-90-different-animals\versions\5\animals\animals\badger\147a5daad3.jpg,badger,train
C:\Users\Reymund\.cache\kagglehub\datasets\iamsouravbanerjee\animal-image-dataset-90-different-animals\versions\5\animals\animals\badger\0e13bf2bf3.jpg,badger,train
C:\Users\Reymund\.cache\kagglehub\datasets\iamsouravbanerjee\animal-image-dataset-90-different-animals\versions\5\animals\animals\badger\047c50963a.jpg,badger,train
C:\Users\Reymund\.cache\kagglehub\datasets\iamsouravbanerjee\animal-image-dataset-90-different-animals\versions\5\animals\animals\badger\6b36a20a5a.jpg,badger,train
C:\Users\Reymund\.cache\kagglehub\datasets\iamsouravbanerjee\animal-image-dataset-90-different-animals\versions\5\animals\animals\badger\378aa5cc58.jpg,badger,train
C:\Users\Reymund\.cache\kagglehub\datasets\iamsouravbanerjee\animal-image-dataset-90-different-animals\versions\5\animals\animals\badger\37a4e3ef89.jpg,badger,train
C:\Users\Reymund\.cache\kagglehub\datasets\iamsouravbanerjee\animal-image-dataset-90-different-animals\versions\5\animals\animals\badger\30c66e7ad1.jpg,badger,train
C:\Users\Reymund\.cache\kagglehub\datasets\iamsouravbanerjee\animal-image-dataset-90-different-animals\versions\5\animals\animals\badger\315c444990.jpg,badger,train
C:\Users\Reymund\.cache\kagglehub\datasets\iamsouravbanerjee\animal-image-dataset-90-different-animals\versions\5\animals\animals\badger\59a092f934.jpg,badger,train
C:\Users\Reymund\.cache\kagglehub\datasets\iamsouravbanerjee\animal-image-dataset-90-different-animals\versions\5\animals\animals\badger\010fce8ee7.jpg,badger,train
C:\Users\Reymund\.cache\kagglehub\datasets\iamsouravbanerjee\animal-image-dataset-90-different-animals\versions\5\animals\animals\badger\4b889c5467.jpg,badger,train
C:\Users\Reymund\.cache\kagglehub\datasets\iamsouravbanerjee\animal-image-dataset-90-different-animals\versions\5\animals\animals\badger\2a8b186a9d.jpg,badger,train
C:\Users\Reymund\.cache\kagglehub\datasets\iamsouravbanerjee\animal-image-dataset-90-different-animals\versions\5\animals\animals\badger\0c29e0107f.jpg,badger,train
C:\Users\Reymund\.cache\kagglehub\datasets\iamsouravbanerjee\animal-image-dataset-90-different-animals\versions\5\animals\animals\badger\4c273d12a9.jpg,badger,train
C:\Users\Reymund\.cache\kagglehub\datasets\iamsouravbanerjee\animal-image-dataset-90-different-animals\versions\5\animals\animals\badger\99e296bf48.jpg,badger,train
C:\Users\Reymund\.cache\kagglehub\datasets\iamsouravbanerjee\animal-image-dataset-90-different-animals\versions\5\animals\animals\badger\2a242797a3.jpg,badger,train
C:\Users\Reymund\.cache\kagglehub\datasets\iamsouravbanerjee\animal-image-dataset-90-different-animals\versions\5\animals\animals\badger\0cf04d0dab.jpg,badger,train
C:\Users\Reymund\.cache\kagglehub\datasets\iamsouravbanerjee\animal-image-dataset-90-different-animals\versions\5\animals\animals\badger\7eebcfe7f7.jpg,badger,train
C:\Users\Reymund\.cache\kagglehub\datasets\iamsouravbanerjee\animal-image-dataset-90-different-animals\versions\5\animals\animals\badger\68d85c376b.jpg,badger,train
C:\Users\Reymund\.cache\kagglehub\datasets\iamsouravbanerjee\animal-image-dataset-90-different-animals\versions\5\animals\animals\badger\77bbc33783.jpg,badger,train
C:\Users\Reymund\.cache\kagglehub\datasets\iamsouravbanerjee\animal-image-dataset-90-different-animals\versions\5\animals\animals\badger\1f06d5b24c.jpg,badger,train
C:\Users\Reymund\.cache\kagglehub\datasets\iamsouravbanerjee\animal-image-dataset-90-different-animals\versions\5\animals\animals\badger\5bffbd51cf.jpg,badger,train
C:\Users\Reymund\.cache\kagglehub\datasets\iamsouravbanerjee\animal-image-dataset-90-different-animals\versions\5\animals\animals\badger\70ad9eb57e.jpg,badger,train
C:\Users\Reymund\.cache\kagglehub\datasets\iamsouravbanerjee\animal-image-dataset-90-different-animals\versions\5\animals\animals\badger\63d7c3e6d0.jpg,badger,train
C:\Users\Reymund\.cache\kagglehub\datasets\iamsouravbanerjee\animal-image-dataset-90-different-animals\versions\5\animals\animals\badger\173fedc818.jpg,badger,train
C:\Users\Reymund\.cache\kagglehub\datasets\iamsouravbanerjee\animal-image-dataset-90-different-animals\versions\5\animals\animals\badger\2aac5ffd72.jpg,badger,train
C:\Users\Reymund\.cache\kagglehub\datasets\iamsouravbanerjee\animal-image-dataset-90-different-animals\versions\5\animals\animals\badger\89a8316cd4.jpg,badger,train
C:\Users\Reymund\.cache\kagglehub\datasets\iamsouravbanerjee\animal-image-dataset-90-different-animals\versions\5\animals\animals\badger\10a6d3492c.jpg,badger,train
C:\Users\Reymund\.cache\kagglehub\datasets\iamsouravbanerjee\animal-image-dataset-90-different-animals\versions\5\animals\animals\badger\860fea93aa.jpg,badger,train
C:\Users\Reymund\.cache\kagglehub\datasets\iamsouravbanerjee\animal-image-dataset-90-different-animals\versions\5\animals\animals\badger\3cf13ad980.jpg,badger,train
C:\Users\Reymund\.cache\kagglehub\datasets\iamsouravbanerjee\animal-image-dataset-90-different-animals\versions\5\animals\animals\badger\23bfad16a7.jpg,badger,train
C:\Users\Reymund\.cache\kagglehub\datasets\iamsouravbanerjee\animal-image-dataset-90-different-animals\versions\5\animals\animals\badger\2e5a00c0a5.jpg,badger,val
C:\Users\Reymund\.cache\kagglehub\datasets\iamsouravbanerjee\animal-image-dataset-90-different-animals\versions\5\animals\animals\badger\0836f4eb45.jpg,badger,val
C:\Users\Reymund\.cache\kagglehub\datasets\iamsouravbanerjee\animal-image-dataset-90-different-animals\versions\5\animals\animals\badger\6e0e5b7cdf.jpg,badger,val
C:\Users\Reymund\.cache\kagglehub\datasets\iamsouravbanerjee\animal-image-dataset-90-different-animals\versions\5\animals\animals\badger\0798f04ce0.jpg,badger,val
C:\Users\Reymund\.cache\kagglehub\datasets\iamsouravbanerjee\animal-image-dataset-90-different-animals\versions\5\animals\animals\badger\26edf44cd9.jpg,badger,val
C:\Users\Reymund\.cache\kagglehub\datasets\iamsouravbanerjee\animal-image-dataset-90-different-animals\versions\5\animals\animals\badger\1ca97cd058.jpg,badger,val
C:\Users\Reymund\.cache\kagglehub\datasets\iamsouravbanerjee\animal-image-dataset-90-different-animals\versions\5\animals\animals\badger\63ecc10a24.jpg,badger,val
C:\Users\Reymund\.cache\kagglehub\datasets\iamsouravbanerjee\animal-image-dataset-90-different-animals\versions\5\animals\animals\badger\028efe8aab.jpg,badger,val
C:\Users\Reymund\.cache\kagglehub\datasets\iamsouravbanerjee\animal-image-dataset-90-different-animals\versions\5\animals\animals\badger\06b48e099f.jpg,badger,val
C:\Users\Reymund\.cache\kagglehub\datasets\iamsouravbanerjee\animal-image-dataset-90-different-animals\versions\5\animals\animals\badger\68f189620f.jpg,badger,test
C:\Users\Reymund\.cache\kagglehub\datasets\iamsouravbanerjee\animal-image-dataset-90-different-animals\versions\5\animals\animals\badger\14d27983c0.jpg,badger,test
C:\Users\Reymund\.cache\kagglehub\datasets\iamsouravbanerjee\animal-image-dataset-90-different-animals\versions\5\animals\animals\badger\51f50a9015.jpg,badger,test
C:\Users\Reymund\.cache\kagglehub\datasets\iamsouravbanerjee\animal-image-dataset-90-different-animals\versions\5\animals\animals\badger\2c8396c663.jpg,badger,test
C:\Users\Reymund\.cache\kagglehub\datasets\iamsouravbanerjee\animal-image-dataset-90-different-animals\versions\5\animals\animals\badger\86e99c22bc.jpg,badger,test
C:\Users\Reymund\.cache\kagglehub\datasets\iamsouravbanerjee\animal-image-dataset-90-different-animals\versions\5\animals\animals\badger\87d1db4af3.jpg,badger,test
C:\Users\Reymund\.cache\kagglehub\datasets\iamsouravbanerjee\animal-image-dataset-90-different-animals\versions\5\animals\animals\badger\5c5d9cb086.jpg,badger,test
C:\Users\Reymund\.cache\kagglehub\datasets\iamsouravbanerjee\animal-image-dataset-90-different-animals\versions\5\animals\animals\badger\630f6e0af4.jpg,badger,test
C:\Users\Reymund\.cache\kagglehub\datasets\iamsouravbanerjee\animal-image-dataset-90-different-animals\versions\5\animals\animals\badger\7f3de940fe.jpg,badger,test
C:\Users\Reymund\.cache\kagglehub\datasets\iamsouravbanerjee\animal-image-dataset-90-different-animals\versions\5\animals\animals\bat\73ca4f047e.jpg,bat,train
C:\Users\Reymund\.cache\kagglehub\datasets\iamsouravbanerjee\animal-image-dataset-90-different-animals\versions\5\animals\animals\bat\98dd1f3d00.jpg,bat,train
C:\Users\Reymund\.cache\kagglehub\datasets\iamsouravbanerjee\animal-image-dataset-90-different-animals\versions\5\animals\animals\bat\33d648fe94.jpg,bat,train
C:\Users\Reymund\.cache\kagglehub\datasets\iamsouravbanerjee\animal-image-dataset-90-different-animals\versions\5\animals\animals\bat\8ed76190d8.jpg,bat,train
C:\Users\Reymund\.cache\kagglehub\datasets\iamsouravbanerjee\animal-image-dataset-90-different-animals\versions\5\animals\animals\bat\1dd514de63.jpg,bat,train
C:\Users\Reymund\.cache\kagglehub\datasets\iamsouravbanerjee\animal-image-dataset-90-different-animals\versions\5\animals\animals\bat\3ab1cafd39.jpg,bat,train
C:\Users\Reymund\.cache\kagglehub\datasets\iamsouravbanerjee\animal-image-dataset-90-different-animals\versions\5\animals\animals\bat\461e95198f.jpg,bat,train
C:\Users\Reymund\.cache\kagglehub\datasets\iamsouravbanerjee\animal-image-dataset-90-different-animals\versions\5\animals\animals\bat\68b39cc449.jpg,bat,train
C:\Users\Reymund\.cache\kagglehub\datasets\iamsouravbanerjee\animal-image-dataset-90-different-animals\versions\5\animals\animals\bat\2db5fafa2d.jpg,bat,train
C:\Users\Reymund\.cache\kagglehub\datasets\iamsouravbanerjee\animal-image-dataset-90-different-animals\versions\5\animals\animals\bat\866a4779a7.jpg,bat,train
C:\Users\Reymund\.cache\kagglehub\datasets\iamsouravbanerjee\animal-image-dataset-90-different-animals\versions\5\animals\animals\bat\0315a4b6b7.jpg,bat,train
C:\Users\Reymund\.cache\kagglehub\datasets\iamsouravbanerjee\animal-image-dataset-90-different-animals\versions\5\animals\animals\bat\513bb906a6.jpg,bat,train
C:\Users\Reymund\.cache\kagglehub\datasets\iamsouravbanerjee\animal-image-dataset-90-different-animals\versions\5\animals\animals\bat\0de51464d4.jpg,bat,train
C:\Users\Reymund\.cache\kagglehub\datasets\iamsouravbanerjee\animal-image-dataset-90-different-animals\versions\5\animals\animals\bat\2dba7ed0d9.jpg,bat,train
C:\Users\Reymund\.cache\kagglehub\datasets\iamsouravbanerjee\animal-image-dataset-90-different-animals\versions\5\animals\animals\bat\323c33dbaf.jpg,bat,train
C:\Users\Reymund\.cache\kagglehub\datasets\iamsouravbanerjee\animal-image-dataset-90-different-animals\versions\5\animals\animals\bat\852ea40aff.jpg,bat,train
C:\Users\Reymund\.cache\kagglehub\datasets\iamsouravbanerjee\animal-image-dataset-90-different-animals\versions\5\animals\animals\bat\7c5455b078.jpg,bat,train
C:\Users\Reymund\.cache\kagglehub\datasets\iamsouravbanerjee\animal-image-dataset-90-different-animals\versions\5\animals\animals\bat\80fae36821.jpg,bat,train
C:\Users\Reymund\.cache\kagglehub\datasets\iamsouravbanerjee\animal-image-dataset-90-different-animals\versions\5\animals\animals\bat\74d55d6d41.jpg,bat,train
C:\Users\Reymund\.cache\kagglehub\datasets\iamsouravbanerjee\animal-image-dataset-90-different-animals\versions\5\animals\animals\bat\2f7c6c7cd5.jpg,bat,train
C:\Users\Reymund\.cache\kagglehub\datasets\iamsouravbanerjee\animal-image-dataset-90-different-animals\versions\5\animals\animals\bat\733e36d245.jpg,bat,train
C:\Users\Reymund\.cache\kagglehub\datasets\iamsouravbanerjee\animal-image-dataset-90-different-animals\versions\5\animals\animals\bat\557b9d9df6.jpg,bat,train
C:\Users\Reymund\.cache\kagglehub\datasets\iamsouravbanerjee\animal-image-dataset-90-different-animals\versions\5\animals\animals\bat\6da14f603d.jpg,bat,train
C:\Users\Reymund\.cache\kagglehub\datasets\iamsouravbanerjee\animal-image-dataset-90-different-animals\versions\5\animals\animals\bat\3d1dda7723.jpg,bat,train
C:\Users\Reymund\.cache\kagglehub\datasets\iamsouravbanerjee\animal-image-dataset-90-different-animals\versions\5\animals\animals\bat\7f55635dbb.jpg,bat,train
C:\Users\Reymund\.cache\kagglehub\datasets\iamsouravbanerjee\animal-image-dataset-90-different-animals\versions\5\animals\animals\bat\9a84392cf2.jpg,bat,train
C:\Users\Reymund\.cache\kagglehub\datasets\iamsouravbanerjee\animal-image-dataset-90-different-animals\versions\5\animals\animals\bat\330e4a8053.jpg,bat,train
C:\Users\Reymund\.cache\kagglehub\datasets\iamsouravbanerjee\animal-image-dataset-90-different-animals\versions\5\animals\animals\bat\57c0849090.jpg,bat,train
C:\Users\Reymund\.cache\kagglehub\datasets\iamsouravbanerjee\animal-image-dataset-90-different-animals\versions\5\animals\animals\bat\741fa84ed0.jpg,bat,train
C:\Users\Reymund\.cache\kagglehub\datasets\iamsouravbanerjee\animal-image-dataset-90-different-animals\versions\5\animals\animals\bat\82a9875c4a.jpg,bat,train
C:\Users\Reymund\.cache\kagglehub\datasets\iamsouravbanerjee\animal-image-dataset-90-different-animals\versions\5\animals\animals\bat\3fa70c519c.jpg,bat,train
C:\Users\Reymund\.cache\kagglehub\datasets\iamsouravbanerjee\animal-image-dataset-90-different-animals\versions\5\animals\animals\bat\003bd60fa9.jpg,bat,train
C:\Users\Reymund\.cache\kagglehub\datasets\iamsouravbanerjee\animal-image-dataset-90-different-animals\versions\5\animals\animals\bat\97a1e99f6c.jpg,bat,train
C:\Users\Reymund\.cache\kagglehub\datasets\iamsouravbanerjee\animal-image-dataset-90-different-animals\versions\5\animals\animals\bat\5b8a9fd24f.jpg,bat,train
C:\Users\Reymund\.cache\kagglehub\datasets\iamsouravbanerjee\animal-image-dataset-90-different-animals\versions\5\animals\animals\bat\567b1434b3.jpg,bat,train
C:\Users\Reymund\.cache\kagglehub\datasets\iamsouravbanerjee\animal-image-dataset-90-different-animals\versions\5\animals\animals\bat\616c0dae7f.jpg,bat,train
C:\Users\Reymund\.cache\kagglehub\datasets\iamsouravbanerjee\animal-image-dataset-90-different-animals\versions\5\animals\animals\bat\499be57e10.jpg,bat,train
C:\Users\Reymund\.cache\kagglehub\datasets\iamsouravbanerjee\animal-image-dataset-90-different-animals\versions\5\animals\animals\bat\1585d0c4e5.jpg,bat,train
C:\Users\Reymund\.cache\kagglehub\datasets\iamsouravbanerjee\animal-image-dataset-90-different-animals\versions\5\animals\animals\bat\640e1bbb55.jpg,bat,train
C:\Users\Reymund\.cache\kagglehub\datasets\iamsouravbanerjee\animal-image-dataset-90-different-animals\versions\5\animals\animals\bat\86f12c02c6.jpg,bat,train
C:\Users\Reymund\.cache\kagglehub\datasets\iamsouravbanerjee\animal-image-dataset-90-different-animals\versions\5\animals\animals\bat\2d028b789d.jpg,bat,train
C:\Users\Reymund\.cache\kagglehub\datasets\iamsouravbanerjee\animal-image-dataset-90-different-animals\versions\5\animals\animals\bat\6b4b95f0c4.jpg,bat,train
C:\Users\Reymund\.cache\kagglehub\datasets\iamsouravbanerjee\animal-image-dataset-90-different-animals\versions\5\animals\animals\bat\2bcd2a1dd7.jpg,bat,val
C:\Users\Reymund\.cache\kagglehub\datasets\iamsouravbanerjee\animal-image-dataset-90-different-animals\versions\5\animals\animals\bat\1fd53c0b98.jpg,bat,val
C:\Users\Reymund\.cache\kagglehub\datasets\iamsouravbanerjee\animal-image-dataset-90-different-animals\versions\5\animals\animals\bat\132f45ab15.jpg,bat,val
C:\Users\Reymund\.cache\kagglehub\datasets\iamsouravbanerjee\animal-image-dataset-90-different-animals\versions\5\animals\animals\bat\16f6af0091.jpg,bat,val
C:\Users\Reymund\.cache\kagglehub\datasets\iamsouravbanerjee\animal-image-dataset-90-different-animals\versions\5\animals\animals\bat\57f9d0f848.jpg,bat,val
C:\Users\Reymund\.cache\kagglehub\datasets\iamsouravbanerjee\animal-image-dataset-90-different-animals\versions\5\animals\animals\bat\5a5de9561b.jpg,bat,val
C:\Users\Reymund\.cache\kagglehub\datasets\iamsouravbanerjee\animal-image-dataset-90-different-animals\versions\5\animals\animals\bat\29ac63f736.jpg,bat,val
C:\Users\Reymund\.cache\kagglehub\datasets\iamsouravbanerjee\animal-image-dataset-90-different-animals\versions\5\animals\animals\bat\2fa47a2579.jpg,bat,val
C:\Users\Reymund\.cache\kagglehub\datasets\iamsouravbanerjee\animal-image-dataset-90-different-animals\versions\5\animals\animals\bat\47d2c91d9b.jpg,bat,val
C:\Users\Reymund\.cache\kagglehub\datasets\iamsouravbanerjee\animal-image-dataset-90-different-animals\versions\5\animals\animals\bat\4c23df5b08.jpg,bat,test
C:\Users\Reymund\.cache\kagglehub\datasets\iamsouravbanerjee\animal-image-dataset-90-different-animals\versions\5\animals\animals\bat\8a62f5cff4.jpg,bat,test
C:\Users\Reymund\.cache\kagglehub\datasets\iamsouravbanerjee\animal-image-dataset-90-different-animals\versions\5\animals\animals\bat\526e897d68.jpg,bat,test
C:\Users\Reymund\.cache\kagglehub\datasets\iamsouravbanerjee\animal-image-dataset-90-different-animals\versions\5\animals\animals\bat\61f1df47c6.jpg,bat,test
C:\Users\Reymund\.cache\kagglehub\datasets\iamsouravbanerjee\animal-image-dataset-90-different-animals\versions\5\animals\animals\bat\9b7b09154c.jpg,bat,test
C:\Users\Reymund\.cache\kagglehub\datasets\iamsouravbanerjee\animal-image-dataset-90-different-animals\versions\5\animals\animals\bat\32fac37649.jpg,bat,test
C:\Users\Reymund\.cache\kagglehub\datasets\iamsouravbanerjee\animal-image-dataset-90-different-animals\versions\5\animals\animals\bat\5e85312fa8.jpg,bat,test
C:\Users\Reymund\.cache\kagglehub\datasets\iamsouravbanerjee\animal-image-dataset-90-different-animals\versions\5\animals\animals\bat\60e4ed4a35.jpg,bat,test
C:\Users\Reymund\.cache\kagglehub\datasets\iamsouravbanerjee\animal-image-dataset-90-different-animals\versions\5\animals\animals\bat\7e7b7d9ed7.jpg,bat,test
C:\Users\Reymund\.cache\kagglehub\datasets\iamsouravbanerjee\animal-image-dataset-90-different-animals\versions\5\animals\animals\bear\6d4f05236d.jpg,bear,train
C:\Users\Reymund\.cache\kagglehub\datasets\iamsouravbanerjee\animal-image-dataset-90-different-animals\versions\5\animals\animals\bear\7c4f6d1f97.jpg,bear,train
C:\Users\Reymund\.cache\kagglehub\datasets\iamsouravbanerjee\animal-image-dataset-90-different-animals\versions\5\animals\animals\bear\116d9b7f88.jpg,bear,train
C:\Users\Reymund\.cache\kagglehub\datasets\iamsouravbanerjee\animal-image-dataset-90-different-animals\versions\5\animals\animals\bear\5dfb1c44b4.jpg,bear,train
C:\Users\Reymund\.cache\kagglehub\datasets\iamsouravbanerjee\animal-image-dataset-90-different-animals\versions\5\animals\animals\bear\87a4b68284.jpg,bear,train
C:\Users\Reymund\.cache\kagglehub\datasets\iamsouravbanerjee\animal-image-dataset-90-different-animals\versions\5\animals\animals\bear\5db7b4c807.jpg,bear,train
C:\Users\Reymund\.cache\kagglehub\datasets\iamsouravbanerjee\animal-image-dataset-90-different-animals\versions\5\animals\animals\bear\0e6a8744de.jpg,bear,train
C:\Users\Reymund\.cache\kagglehub\datasets\iamsouravbanerjee\animal-image-dataset-90-different-animals\versions\5\animals\animals\bear\86581a8ae9.jpg,bear,train
C:\Users\Reymund\.cache\kagglehub\datasets\iamsouravbanerjee\animal-image-dataset-90-different-animals\versions\5\animals\animals\bear\6bee43b688.jpg,bear,train
C:\Users\Reymund\.cache\kagglehub\datasets\iamsouravbanerjee\animal-image-dataset-90-different-animals\versions\5\animals\animals\bear\36a8de3afb.jpg,bear,train
C:\Users\Reymund\.cache\kagglehub\datasets\iamsouravbanerjee\animal-image-dataset-90-different-animals\versions\5\animals\animals\bear\6da5c2a437.jpg,bear,train
C:\Users\Reymund\.cache\kagglehub\datasets\iamsouravbanerjee\animal-image-dataset-90-different-animals\versions\5\animals\animals\bear\4286c87550.jpg,bear,train
C:\Users\Reymund\.cache\kagglehub\datasets\iamsouravbanerjee\animal-image-dataset-90-different-animals\versions\5\animals\animals\bear\3dbd23430d.jpg,bear,train
C:\Users\Reymund\.cache\kagglehub\datasets\iamsouravbanerjee\animal-image-dataset-90-different-animals\versions\5\animals\animals\bear\9a34b276e2.jpg,bear,train
C:\Users\Reymund\.cache\kagglehub\datasets\iamsouravbanerjee\animal-image-dataset-90-different-animals\versions\5\animals\animals\bear\4ab1a3197a.jpg,bear,train
C:\Users\Reymund\.cache\kagglehub\datasets\iamsouravbanerjee\animal-image-dataset-90-different-animals\versions\5\animals\animals\bear\39d27b6e2b.jpg,bear,train
C:\Users\Reymund\.cache\kagglehub\datasets\iamsouravbanerjee\animal-image-dataset-90-different-animals\versions\5\animals\animals\bear\2a868ca175.jpg,bear,train
C:\Users\Reymund\.cache\kagglehub\datasets\iamsouravbanerjee\animal-image-dataset-90-different-animals\versions\5\animals\animals\bear\26f9a8f6e9.jpg,bear,train
C:\Users\Reymund\.cache\kagglehub\datasets\iamsouravbanerjee\animal-image-dataset-90-different-animals\versions\5\animals\animals\bear\283a497e0e.jpg,bear,train
C:\Users\Reymund\.cache\kagglehub\datasets\iamsouravbanerjee\animal-image-dataset-90-different-animals\versions\5\animals\animals\bear\039b2ae790.jpg,bear,train
C:\Users\Reymund\.cache\kagglehub\datasets\iamsouravbanerjee\animal-image-dataset-90-different-animals\versions\5\animals\animals\bear\561c2bfe97.jpg,bear,train
C:\Users\Reymund\.cache\kagglehub\datasets\iamsouravbanerjee\animal-image-dataset-90-different-animals\versions\5\animals\animals\bear\04e5d04320.jpg,bear,train
C:\Users\Reymund\.cache\kagglehub\datasets\iamsouravbanerjee\animal-image-dataset-90-different-animals\versions\5\animals\animals\bear\90c8120829.jpg,bear,train
C:\Users\Reymund\.cache\kagglehub\datasets\iamsouravbanerjee\animal-image-dataset-90-different-animals\versions\5\animals\animals\bear\98efff8440.jpg,bear,train
C:\Users\Reymund\.cache\kagglehub\datasets\iamsouravbanerjee\animal-image-dataset-90-different-animals\versions\5\animals\animals\bear\8e7bbfe4df.jpg,bear,train
C:\Users\Reymund\.cache\kagglehub\datasets\iamsouravbanerjee\animal-image-dataset-90-different-animals\versions\5\animals\animals\bear\5687a6bcec.jpg,bear,train
C:\Users\Reymund\.cache\kagglehub\datasets\iamsouravbanerjee\animal-image-dataset-90-different-animals\versions\5\animals\animals\bear\513d459586.jpg,bear,train
C:\Users\Reymund\.cache\kagglehub\datasets\iamsouravbanerjee\animal-image-dataset-90-different-animals\versions\5\animals\animals\bear\22ea4eea68.jpg,bear,train
C:\Users\Reymund\.cache\kagglehub\datasets\iamsouravbanerjee\animal-image-dataset-90-different-animals\versions\5\animals\animals\bear\1b890605d5.jpg,bear,train
C:\Users\Reymund\.cache\kagglehub\datasets\iamsouravbanerjee\animal-image-dataset-90-different-animals\versions\5\animals\animals\bear\28f3e554e6.jpg,bear,train
C:\Users\Reymund\.cache\kagglehub\datasets\iamsouravbanerjee\animal-image-dataset-90-different-animals\versions\5\animals\animals\bear\290cd7afc5.jpg,bear,train
C:\Users\Reymund\.cache\kagglehub\datasets\iamsouravbanerjee\animal-image-dataset-90-different-animals\versions\5\animals\animals\bear\385cd10acb.jpg,bear,train
C:\Users\Reymund\.cache\kagglehub\datasets\iamsouravbanerjee\animal-image-dataset-90-different-animals\versions\5\animals\animals\bear\8fccd0fedd.jpg,bear,train
C:\Users\Reymund\.cache\kagglehub\datasets\iamsouravbanerjee\animal-image-dataset-90-different-animals\versions\5\animals\animals\bear\1ebb88dff2.jpg,bear,train
C:\Users\Reymund\.cache\kagglehub\datasets\iamsouravbanerjee\animal-image-dataset-90-different-animals\versions\5\animals\animals\bear\1eda26b7f5.jpg,bear,train
C:\Users\Reymund\.cache\kagglehub\datasets\iamsouravbanerjee\animal-image-dataset-90-different-animals\versions\5\animals\animals\bear\3a8b120f53.jpg,bear,train
C:\Users\Reymund\.cache\kagglehub\datasets\iamsouravbanerjee\animal-image-dataset-90-different-animals\versions\5\animals\animals\bear\4cb42bf550.jpg,bear,train
C:\Users\Reymund\.cache\kagglehub\datasets\iamsouravbanerjee\animal-image-dataset-90-different-animals\versions\5\animals\animals\bear\25e21b4f3e.jpg,bear,train
C:\Users\Reymund\.cache\kagglehub\datasets\iamsouravbanerjee\animal-image-dataset-90-different-animals\versions\5\animals\animals\bear\1971d6e226.jpg,bear,train
C:\Users\Reymund\.cache\kagglehub\datasets\iamsouravbanerjee\animal-image-dataset-90-different-animals\versions\5\animals\animals\bear\506eee4ad2.jpg,bear,train
C:\Users\Reymund\.cache\kagglehub\datasets\iamsouravbanerjee\animal-image-dataset-90-different-animals\versions\5\animals\animals\bear\4384ef0218.jpg,bear,train
C:\Users\Reymund\.cache\kagglehub\datasets\iamsouravbanerjee\animal-image-dataset-90-different-animals\versions\5\animals\animals\bear\5f0ccad194.jpg,bear,train
C:\Users\Reymund\.cache\kagglehub\datasets\iamsouravbanerjee\animal-image-dataset-90-different-animals\versions\5\animals\animals\bear\0f6b575750.jpg,bear,val
C:\Users\Reymund\.cache\kagglehub\datasets\iamsouravbanerjee\animal-image-dataset-90-different-animals\versions\5\animals\animals\bear\4e7dc3eb5f.jpg,bear,val
C:\Users\Reymund\.cache\kagglehub\datasets\iamsouravbanerjee\animal-image-dataset-90-different-animals\versions\5\animals\animals\bear\090234b385.jpg,bear,val
C:\Users\Reymund\.cache\kagglehub\datasets\iamsouravbanerjee\animal-image-dataset-90-different-animals\versions\5\animals\animals\bear\9f5fc65189.jpg,bear,val
C:\Users\Reymund\.cache\kagglehub\datasets\iamsouravbanerjee\animal-image-dataset-90-different-animals\versions\5\animals\animals\bear\7ad4697892.jpg,bear,val
C:\Users\Reymund\.cache\kagglehub\datasets\iamsouravbanerjee\animal-image-dataset-90-different-animals\versions\5\animals\animals\bear\831f7bd81b.jpg,bear,val
C:\Users\Reymund\.cache\kagglehub\datasets\iamsouravbanerjee\animal-image-dataset-90-different-animals\versions\5\animals\animals\bear\093836b753.jpg,bear,val
C:\Users\Reymund\.cache\kagglehub\datasets\iamsouravbanerjee\animal-image-dataset-90-different-animals\versions\5\animals\animals\bear\50de227a21.jpg,bear,val
C:\Users\Reymund\.cache\kagglehub\datasets\iamsouravbanerjee\animal-image-dataset-90-different-animals\versions\5\animals\animals\bear\8cf44a21ba.jpg,bear,val
C:\Users\Reymund\.cache\kagglehub\datasets\iamsouravbanerjee\animal-image-dataset-90-different-animals\versions\5\animals\animals\bear\08e665796d.jpg,bear,test
C:\Users\Reymund\.cache\kagglehub\datasets\iamsouravbanerjee\animal-image-dataset-90-different-animals\versions\5\animals\animals\bear\25ad0adb55.jpg,bear,test
C:\Users\Reymund\.cache\kagglehub\datasets\iamsouravbanerjee\animal-image-dataset-90-different-animals\versions\5\animals\animals\bear\28cf1633e6.jpg,bear,test
C:\Users\Reymund\.cache\kagglehub\datasets\iamsouravbanerjee\animal-image-dataset-90-different-animals\versions\5\animals\animals\bear\8ab6a06ff9.jpg,bear,test
C:\Users\Reymund\.cache\kagglehub\datasets\iamsouravbanerjee\animal-image-dataset-90-different-animals\versions\5\animals\animals\bear\8ded9df224.jpg,bear,test
C:\Users\Reymund\.cache\kagglehub\datasets\iamsouravbanerjee\animal-image-dataset-90-different-animals\versions\5\animals\animals\bear\30f9c0dcd8.jpg,bear,test
C:\Users\Reymund\.cache\kagglehub\datasets\iamsouravbanerjee\animal-image-dataset-90-different-animals\versions\5\animals\animals\bear\0f61069510.jpg,bear,test
C:\Users\Reymund\.cache\kagglehub\datasets\iamsouravbanerjee\animal-image-dataset-90-different-animals\versions\5\animals\animals\bear\048d7b29e3.jpg,bear,test
C:\Users\Reymund\.cache\kagglehub\datasets\iamsouravbanerjee\animal-image-dataset-90-different-animals\versions\5\animals\animals\bear\458f3c80a1.jpg,bear,test
C:\Users\Reymund\.cache\kagglehub\datasets\iamsouravbanerjee\animal-image-dataset-90-different-animals\versions\5\animals\animals\bee\2e3d7a7bd4.jpg,bee,train
C:\Users\Reymund\.cache\kagglehub\datasets\iamsouravbanerjee\animal-image-dataset-90-different-animals\versions\5\animals\animals\bee\55ca0c7f9c.jpg,bee,train
C:\Users\Reymund\.cache\kagglehub\datasets\iamsouravbanerjee\animal-image-dataset-90-different-animals\versions\5\animals\animals\bee\6dc58e2893.jpg,bee,train
C:\Users\Reymund\.cache\kagglehub\datasets\iamsouravbanerjee\animal-image-dataset-90-different-animals\versions\5\animals\animals\bee\43aebfb444.jpg,bee,train
C:\Users\Reymund\.cache\kagglehub\datasets\iamsouravbanerjee\animal-image-dataset-90-different-animals\versions\5\animals\animals\bee\3fbdf8c63c.jpg,bee,train
C:\Users\Reymund\.cache\kagglehub\datasets\iamsouravbanerjee\animal-image-dataset-90-different-animals\versions\5\animals\animals\bee\8e3037a963.jpg,bee,train
C:\Users\Reymund\.cache\kagglehub\datasets\iamsouravbanerjee\animal-image-dataset-90-different-animals\versions\5\animals\animals\bee\2afadcf34f.jpg,bee,train
C:\Users\Reymund\.cache\kagglehub\datasets\iamsouravbanerjee\animal-image-dataset-90-different-animals\versions\5\animals\animals\bee\797a3a9537.jpg,bee,train
C:\Users\Reymund\.cache\kagglehub\datasets\iamsouravbanerjee\animal-image-dataset-90-different-animals\versions\5\animals\animals\bee\2780aa6c10.jpg,bee,train
C:\Users\Reymund\.cache\kagglehub\datasets\iamsouravbanerjee\animal-image-dataset-90-different-animals\versions\5\animals\animals\bee\47a87d7786.jpg,bee,train
C:\Users\Reymund\.cache\kagglehub\datasets\iamsouravbanerjee\animal-image-dataset-90-different-animals\versions\5\animals\animals\bee\9ade223a4d.jpg,bee,train
C:\Users\Reymund\.cache\kagglehub\datasets\iamsouravbanerjee\animal-image-dataset-90-different-animals\versions\5\animals\animals\bee\5f4eacc507.jpg,bee,train
C:\Users\Reymund\.cache\kagglehub\datasets\iamsouravbanerjee\animal-image-dataset-90-different-animals\versions\5\animals\animals\bee\43c4bde0d3.jpg,bee,train
C:\Users\Reymund\.cache\kagglehub\datasets\iamsouravbanerjee\animal-image-dataset-90-different-animals\versions\5\animals\animals\bee\5ccea1aa7f.jpg,bee,train
C:\Users\Reymund\.cache\kagglehub\datasets\iamsouravbanerjee\animal-image-dataset-90-different-animals\versions\5\animals\animals\bee\603c18f907.jpg,bee,train
C:\Users\Reymund\.cache\kagglehub\datasets\iamsouravbanerjee\animal-image-dataset-90-different-animals\versions\5\animals\animals\bee\771c3186af.jpg,bee,train
C:\Users\Reymund\.cache\kagglehub\datasets\iamsouravbanerjee\animal-image-dataset-90-different-animals\versions\5\animals\animals\bee\0d562e4829.jpg,bee,train
C:\Users\Reymund\.cache\kagglehub\datasets\iamsouravbanerjee\animal-image-dataset-90-different-animals\versions\5\animals\animals\bee\4583aa4975.jpg,bee,train
C:\Users\Reymund\.cache\kagglehub\datasets\iamsouravbanerjee\animal-image-dataset-90-different-animals\versions\5\animals\animals\bee\0ec9efe6d8.jpg,bee,train
C:\Users\Reymund\.cache\kagglehub\datasets\iamsouravbanerjee\animal-image-dataset-90-different-animals\versions\5\animals\animals\bee\671dd289e7.jpg,bee,train
C:\Users\Reymund\.cache\kagglehub\datasets\iamsouravbanerjee\animal-image-dataset-90-different-animals\versions\5\animals\animals\bee\8af6a1eacd.jpg,bee,train
C:\Users\Reymund\.cache\kagglehub\datasets\iamsouravbanerjee\animal-image-dataset-90-different-animals\versions\5\animals\animals\bee\4e071e5399.jpg,bee,train
C:\Users\Reymund\.cache\kagglehub\datasets\iamsouravbanerjee\animal-image-dataset-90-different-animals\versions\5\animals\animals\bee\0fa99039ab.jpg,bee,train
C:\Users\Reymund\.cache\kagglehub\datasets\iamsouravbanerjee\animal-image-dataset-90-different-animals\versions\5\animals\animals\bee\1a0fedad1a.jpg,bee,train
C:\Users\Reymund\.cache\kagglehub\datasets\iamsouravbanerjee\animal-image-dataset-90-different-animals\versions\5\animals\animals\bee\6da86c5015.jpg,bee,train
C:\Users\Reymund\.cache\kagglehub\datasets\iamsouravbanerjee\animal-image-dataset-90-different-animals\versions\5\animals\animals\bee\95c62debad.jpg,bee,train
C:\Users\Reymund\.cache\kagglehub\datasets\iamsouravbanerjee\animal-image-dataset-90-different-animals\versions\5\animals\animals\bee\14a1eaf657.jpg,bee,train
C:\Users\Reymund\.cache\kagglehub\datasets\iamsouravbanerjee\animal-image-dataset-90-different-animals\versions\5\animals\animals\bee\9e3c9b326e.jpg,bee,train
C:\Users\Reymund\.cache\kagglehub\datasets\iamsouravbanerjee\animal-image-dataset-90-different-animals\versions\5\animals\animals\bee\1111feb0ff.jpg,bee,train
C:\Users\Reymund\.cache\kagglehub\datasets\iamsouravbanerjee\animal-image-dataset-90-different-animals\versions\5\animals\animals\bee\36e6bee909.jpg,bee,train
C:\Users\Reymund\.cache\kagglehub\datasets\iamsouravbanerjee\animal-image-dataset-90-different-animals\versions\5\animals\animals\bee\402ec9cd1b.jpg,bee,train
C:\Users\Reymund\.cache\kagglehub\datasets\iamsouravbanerjee\animal-image-dataset-90-different-animals\versions\5\animals\animals\bee\5e5f10bcc4.jpg,bee,train
C:\Users\Reymund\.cache\kagglehub\datasets\iamsouravbanerjee\animal-image-dataset-90-different-animals\versions\5\animals\animals\bee\82e7b97984.jpg,bee,train
C:\Users\Reymund\.cache\kagglehub\datasets\iamsouravbanerjee\animal-image-dataset-90-different-animals\versions\5\animals\animals\bee\8c4b1f330a.jpg,bee,train
C:\Users\Reymund\.cache\kagglehub\datasets\iamsouravbanerjee\animal-image-dataset-90-different-animals\versions\5\animals\animals\bee\671f7ca8be.jpg,bee,train
C:\Users\Reymund\.cache\kagglehub\datasets\iamsouravbanerjee\animal-image-dataset-90-different-animals\versions\5\animals\animals\bee\45af75e0da.jpg,bee,train
C:\Users\Reymund\.cache\kagglehub\datasets\iamsouravbanerjee\animal-image-dataset-90-different-animals\versions\5\animals\animals\bee\517aca5da2.jpg,bee,train
C:\Users\Reymund\.cache\kagglehub\datasets\iamsouravbanerjee\animal-image-dataset-90-different-animals\versions\5\animals\animals\bee\6bf580fcf5.jpg,bee,train
C:\Users\Reymund\.cache\kagglehub\datasets\iamsouravbanerjee\animal-image-dataset-90-different-animals\versions\5\animals\animals\bee\957c3736fc.jpg,bee,train
C:\Users\Reymund\.cache\kagglehub\datasets\iamsouravbanerjee\animal-image-dataset-90-different-animals\versions\5\animals\animals\bee\10c5ebb8c4.jpg,bee,train
C:\Users\Reymund\.cache\kagglehub\datasets\iamsouravbanerjee\animal-image-dataset-90-different-animals\versions\5\animals\animals\bee\5adc0a316b.jpg,bee,train
C:\Users\Reymund\.cache\kagglehub\datasets\iamsouravbanerjee\animal-image-dataset-90-different-animals\versions\5\animals\animals\bee\82f3842d33.jpg,bee,train
C:\Users\Reymund\.cache\kagglehub\datasets\iamsouravbanerjee\animal-image-dataset-90-different-animals\versions\5\animals\animals\bee\78c259940c.jpg,bee,val
C:\Users\Reymund\.cache\kagglehub\datasets\iamsouravbanerjee\animal-image-dataset-90-different-animals\versions\5\animals\animals\bee\462c97a5db.jpg,bee,val
C:\Users\Reymund\.cache\kagglehub\datasets\iamsouravbanerjee\animal-image-dataset-90-different-animals\versions\5\animals\animals\bee\5267f18ec9.jpg,bee,val
C:\Users\Reymund\.cache\kagglehub\datasets\iamsouravbanerjee\animal-image-dataset-90-different-animals\versions\5\animals\animals\bee\759a9528e9.jpg,bee,val
C:\Users\Reymund\.cache\kagglehub\datasets\iamsouravbanerjee\animal-image-dataset-90-different-animals\versions\5\animals\animals\bee\81c541cae0.jpg,bee,val
C:\Users\Reymund\.cache\kagglehub\datasets\iamsouravbanerjee\animal-image-dataset-90-different-animals\versions\5\animals\animals\bee\160cdad8e6.jpg,bee,val
C:\Users\Reymund\.cache\kagglehub\datasets\iamsouravbanerjee\animal-image-dataset-90-different-animals\versions\5\animals\animals\bee\356ff70eab.jpg,bee,val
C:\Users\Reymund\.cache\kagglehub\datasets\iamsouravbanerjee\animal-image-dataset-90-different-animals\versions\5\animals\animals\bee\520c8528bc.jpg,bee,val
C:\Users\Reymund\.cache\kagglehub\datasets\iamsouravbanerjee\animal-image-dataset-90-different-animals\versions\5\animals\animals\bee\8e2a1d91f8.jpg,bee,val
C:\Users\Reymund\.cache\kagglehub\datasets\iamsouravbanerjee\animal-image-dataset-90-different-animals\versions\5\animals\animals\bee\88ad9444d0.jpg,bee,test
C:\Users\Reymund\.cache\kagglehub\datasets\iamsouravbanerjee\animal-image-dataset-90-different-animals\versions\5\animals\animals\bee\3d28692ff1.jpg,bee,test
C:\Users\Reymund\.cache\kagglehub\datasets\iamsouravbanerjee\animal-image-dataset-90-different-animals\versions\5\animals\animals\bee\5b2a142324.jpg,bee,test
C:\Users\Reymund\.cache\kagglehub\datasets\iamsouravbanerjee\animal-image-dataset-90-different-animals\versions\5\animals\animals\bee\927d38205d.jpg,bee,test
C:\Users\Reymund\.cache\kagglehub\datasets\iamsouravbanerjee\animal-image-dataset-90-different-animals\versions\5\animals\animals\bee\60d72b6d7f.jpg,bee,test
C:\Users\Reymund\.cache\kagglehub\datasets\iamsouravbanerjee\animal-image-dataset-90-different-animals\versions\5\animals\animals\bee\7c3bc627c6.jpg,bee,test
C:\Users\Reymund\.cache\kagglehub\datasets\iamsouravbanerjee\animal-image-dataset-90-different-animals\versions\5\animals\animals\bee\1cb123c4e9.jpg,bee,test
C:\Users\Reymund\.cache\kagglehub\datasets\iamsouravbanerjee\animal-image-dataset-90-different-animals\versions\5\animals\animals\bee\603a820424.jpg,bee,test
C:\Users\Reymund\.cache\kagglehub\datasets\iamsouravbanerjee\animal-image-dataset-90-different-animals\versions\5\animals\animals\bee\357b607816.jpg,bee,test
C:\Users\Reymund\.cache\kagglehub\datasets\iamsouravbanerjee\animal-image-dataset-90-different-animals\versions\5\animals\animals\beetle\02b34c63a2.jpg,beetle,train
C:\Users\Reymund\.cache\kagglehub\datasets\iamsouravbanerjee\animal-image-dataset-90-different-animals\versions\5\animals\animals\beetle\727ce16ec3.jpg,beetle,train
C:\Users\Reymund\.cache\kagglehub\datasets\iamsouravbanerjee\animal-image-dataset-90-different-animals\versions\5\animals\animals\beetle\3e7669bf98.jpg,beetle,train
C:\Users\Reymund\.cache\kagglehub\datasets\iamsouravbanerjee\animal-image-dataset-90-different-animals\versions\5\animals\animals\beetle\92df7bb742.jpg,beetle,train
C:\Users\Reymund\.cache\kagglehub\datasets\iamsouravbanerjee\animal-image-dataset-90-different-animals\versions\5\animals\animals\beetle\2fecd5e844.jpg,beetle,train
C:\Users\Reymund\.cache\kagglehub\datasets\iamsouravbanerjee\animal-image-dataset-90-different-animals\versions\5\animals\animals\beetle\2bf82afaf7.jpg,beetle,train
C:\Users\Reymund\.cache\kagglehub\datasets\iamsouravbanerjee\animal-image-dataset-90-different-animals\versions\5\animals\animals\beetle\1ae9801eb0.jpg,beetle,train
C:\Users\Reymund\.cache\kagglehub\datasets\iamsouravbanerjee\animal-image-dataset-90-different-animals\versions\5\animals\animals\beetle\fff3087af1.jpg,beetle,train
C:\Users\Reymund\.cache\kagglehub\datasets\iamsouravbanerjee\animal-image-dataset-90-different-animals\versions\5\animals\animals\beetle\094b2870d0.jpg,beetle,train
C:\Users\Reymund\.cache\kagglehub\datasets\iamsouravbanerjee\animal-image-dataset-90-different-animals\versions\5\animals\animals\beetle\514cd025fa.jpg,beetle,train
C:\Users\Reymund\.cache\kagglehub\datasets\iamsouravbanerjee\animal-image-dataset-90-different-animals\versions\5\animals\animals\beetle\0f7582cad7.jpg,beetle,train
C:\Users\Reymund\.cache\kagglehub\datasets\iamsouravbanerjee\animal-image-dataset-90-different-animals\versions\5\animals\animals\beetle\6543ff7e93.jpg,beetle,train
C:\Users\Reymund\.cache\kagglehub\datasets\iamsouravbanerjee\animal-image-dataset-90-different-animals\versions\5\animals\animals\beetle\711b1b0b99.jpg,beetle,train
C:\Users\Reymund\.cache\kagglehub\datasets\iamsouravbanerjee\animal-image-dataset-90-different-animals\versions\5\animals\animals\beetle\5b02ca3767.jpg,beetle,train
C:\Users\Reymund\.cache\kagglehub\datasets\iamsouravbanerjee\animal-image-dataset-90-different-animals\versions\5\animals\animals\beetle\0de750893f.jpg,beetle,train
C:\Users\Reymund\.cache\kagglehub\datasets\iamsouravbanerjee\animal-image-dataset-90-different-animals\versions\5\animals\animals\beetle\4cb4b45e31.jpg,beetle,train
C:\Users\Reymund\.cache\kagglehub\datasets\iamsouravbanerjee\animal-image-dataset-90-different-animals\versions\5\animals\animals\beetle\03cb643880.jpg,beetle,train
C:\Users\Reymund\.cache\kagglehub\datasets\iamsouravbanerjee\animal-image-dataset-90-different-animals\versions\5\animals\animals\beetle\4a63810453.jpg,beetle,train
C:\Users\Reymund\.cache\kagglehub\datasets\iamsouravbanerjee\animal-image-dataset-90-different-animals\versions\5\animals\animals\beetle\6670d76613.jpg,beetle,train
C:\Users\Reymund\.cache\kagglehub\datasets\iamsouravbanerjee\animal-image-dataset-90-different-animals\versions\5\animals\animals\beetle\78efbd73a6.jpg,beetle,train
C:\Users\Reymund\.cache\kagglehub\datasets\iamsouravbanerjee\animal-image-dataset-90-different-animals\versions\5\animals\animals\beetle\7d7f6c9750.jpg,beetle,train
C:\Users\Reymund\.cache\kagglehub\datasets\iamsouravbanerjee\animal-image-dataset-90-different-animals\versions\5\animals\animals\beetle\0f72117666.jpg,beetle,train
C:\Users\Reymund\.cache\kagglehub\datasets\iamsouravbanerjee\animal-image-dataset-90-different-animals\versions\5\animals\animals\beetle\48856ca51b.jpg,beetle,train
C:\Users\Reymund\.cache\kagglehub\datasets\iamsouravbanerjee\animal-image-dataset-90-different-animals\versions\5\animals\animals\beetle\50c20f936f.jpg,beetle,train
C:\Users\Reymund\.cache\kagglehub\datasets\iamsouravbanerjee\animal-image-dataset-90-different-animals\versions\5\animals\animals\beetle\44931701fe.jpg,beetle,train
C:\Users\Reymund\.cache\kagglehub\datasets\iamsouravbanerjee\animal-image-dataset-90-different-animals\versions\5\animals\animals\beetle\55aba0a3ac.jpg,beetle,train
C:\Users\Reymund\.cache\kagglehub\datasets\iamsouravbanerjee\animal-image-dataset-90-different-animals\versions\5\animals\animals\beetle\0d46406b7c.jpg,beetle,train
C:\Users\Reymund\.cache\kagglehub\datasets\iamsouravbanerjee\animal-image-dataset-90-different-animals\versions\5\animals\animals\beetle\7f7b2507b5.jpg,beetle,train
C:\Users\Reymund\.cache\kagglehub\datasets\iamsouravbanerjee\animal-image-dataset-90-different-animals\versions\5\animals\animals\beetle\05f1f4c7c8.jpg,beetle,train
C:\Users\Reymund\.cache\kagglehub\datasets\iamsouravbanerjee\animal-image-dataset-90-different-animals\versions\5\animals\animals\beetle\99c2f09107.jpg,beetle,train
C:\Users\Reymund\.cache\kagglehub\datasets\iamsouravbanerjee\animal-image-dataset-90-different-animals\versions\5\animals\animals\beetle\62cfac2a19.jpg,beetle,train
C:\Users\Reymund\.cache\kagglehub\datasets\iamsouravbanerjee\animal-image-dataset-90-different-animals\versions\5\animals\animals\beetle\7413365c3f.jpg,beetle,train
C:\Users\Reymund\.cache\kagglehub\datasets\iamsouravbanerjee\animal-image-dataset-90-different-animals\versions\5\animals\animals\beetle\143b7c5d00.jpg,beetle,train
C:\Users\Reymund\.cache\kagglehub\datasets\iamsouravbanerjee\animal-image-dataset-90-different-animals\versions\5\animals\animals\beetle\5afd80bec1.jpg,beetle,train
C:\Users\Reymund\.cache\kagglehub\datasets\iamsouravbanerjee\animal-image-dataset-90-different-animals\versions\5\animals\animals\beetle\596fcfaa43.jpg,beetle,train
C:\Users\Reymund\.cache\kagglehub\datasets\iamsouravbanerjee\animal-image-dataset-90-different-animals\versions\5\animals\animals\beetle\5dfc1af2a8.jpg,beetle,train
C:\Users\Reymund\.cache\kagglehub\datasets\iamsouravbanerjee\animal-image-dataset-90-different-animals\versions\5\animals\animals\beetle\606253cc40.jpg,beetle,train
C:\Users\Reymund\.cache\kagglehub\datasets\iamsouravbanerjee\animal-image-dataset-90-different-animals\versions\5\animals\animals\beetle\46b0a8555f.jpg,beetle,train
C:\Users\Reymund\.cache\kagglehub\datasets\iamsouravbanerjee\animal-image-dataset-90-different-animals\versions\5\animals\animals\beetle\65af975c4f.jpg,beetle,train
C:\Users\Reymund\.cache\kagglehub\datasets\iamsouravbanerjee\animal-image-dataset-90-different-animals\versions\5\animals\animals\beetle\5c3e299635.jpg,beetle,train
C:\Users\Reymund\.cache\kagglehub\datasets\iamsouravbanerjee\animal-image-dataset-90-different-animals\versions\5\animals\animals\beetle\5fae39498d.jpg,beetle,train
C:\Users\Reymund\.cache\kagglehub\datasets\iamsouravbanerjee\animal-image-dataset-90-different-animals\versions\5\animals\animals\beetle\063b1929b3.jpg,beetle,train
C:\Users\Reymund\.cache\kagglehub\datasets\iamsouravbanerjee\animal-image-dataset-90-different-animals\versions\5\animals\animals\beetle\29309ff01e.jpg,beetle,val
C:\Users\Reymund\.cache\kagglehub\datasets\iamsouravbanerjee\animal-image-dataset-90-different-animals\versions\5\animals\animals\beetle\829e17c31b.jpg,beetle,val
C:\Users\Reymund\.cache\kagglehub\datasets\iamsouravbanerjee\animal-image-dataset-90-different-animals\versions\5\animals\animals\beetle\255ee9c939.jpg,beetle,val
C:\Users\Reymund\.cache\kagglehub\datasets\iamsouravbanerjee\animal-image-dataset-90-different-animals\versions\5\animals\animals\beetle\138f5c986e.jpg,beetle,val
C:\Users\Reymund\.cache\kagglehub\datasets\iamsouravbanerjee\animal-image-dataset-90-different-animals\versions\5\animals\animals\beetle\5a2117fccb.jpg,beetle,val
C:\Users\Reymund\.cache\kagglehub\datasets\iamsouravbanerjee\animal-image-dataset-90-different-animals\versions\5\animals\animals\beetle\6885dfc6de.jpg,beetle,val
C:\Users\Reymund\.cache\kagglehub\datasets\iamsouravbanerjee\animal-image-dataset-90-different-animals\versions\5\animals\animals\beetle\65e2848c9b.jpg,beetle,val
C:\Users\Reymund\.cache\kagglehub\datasets\iamsouravbanerjee\animal-image-dataset-90-different-animals\versions\5\animals\animals\beetle\5dc296bee2.jpg,beetle,val
C:\Users\Reymund\.cache\kagglehub\datasets\iamsouravbanerjee\animal-image-dataset-90-different-animals\versions\5\animals\animals\beetle\93fb82b04b.jpg,beetle,val
C:\Users\Reymund\.cache\kagglehub\datasets\iamsouravbanerjee\animal-image-dataset-90-different-animals\versions\5\animals\animals\beetle\6aab1daded.jpg,beetle,test
C:\Users\Reymund\.cache\kagglehub\datasets\iamsouravbanerjee\animal-image-dataset-90-different-animals\versions\5\animals\animals\beetle\687486f1cb.jpg,beetle,test
C:\Users\Reymund\.cache\kagglehub\datasets\iamsouravbanerjee\animal-image-dataset-90-different-animals\versions\5\animals\animals\beetle\5298d71dcc.jpg,beetle,test
C:\Users\Reymund\.cache\kagglehub\datasets\iamsouravbanerjee\animal-image-dataset-90-different-animals\versions\5\animals\animals\beetle\41f55933e6.jpg,beetle,test
C:\Users\Reymund\.cache\kagglehub\datasets\iamsouravbanerjee\animal-image-dataset-90-different-animals\versions\5\animals\animals\beetle\5739e5efaa.jpg,beetle,test
C:\Users\Reymund\.cache\kagglehub\datasets\iamsouravbanerjee\animal-image-dataset-90-different-animals\versions\5\animals\animals\beetle\9977af1a6f.jpg,beetle,test
C:\Users\Reymund\.cache\kagglehub\datasets\iamsouravbanerjee\animal-image-dataset-90-different-animals\versions\5\animals\animals\beetle\77c06b1123.jpg,beetle,test
C:\Users\Reymund\.cache\kagglehub\datasets\iamsouravbanerjee\animal-image-dataset-90-different-animals\versions\5\animals\animals\beetle\34ce20c163.jpg,beetle,test
C:\Users\Reymund\.cache\kagglehub\datasets\iamsouravbanerjee\animal-image-dataset-90-different-animals\versions\5\animals\animals\beetle\508a3a9356.jpg,beetle,test
C:\Users\Reymund\.cache\kagglehub\datasets\iamsouravbanerjee\animal-image-dataset-90-different-animals\versions\5\animals\animals\bison\3d657e1eb5.jpg,bison,train
C:\Users\Reymund\.cache\kagglehub\datasets\iamsouravbanerjee\animal-image-dataset-90-different-animals\versions\5\animals\animals\bison\2d033a7d34.jpg,bison,train
C:\Users\Reymund\.cache\kagglehub\datasets\iamsouravbanerjee\animal-image-dataset-90-different-animals\versions\5\animals\animals\bison\5358ba1f24.jpg,bison,train
C:\Users\Reymund\.cache\kagglehub\datasets\iamsouravbanerjee\animal-image-dataset-90-different-animals\versions\5\animals\animals\bison\17fd28dbd4.jpg,bison,train
C:\Users\Reymund\.cache\kagglehub\datasets\iamsouravbanerjee\animal-image-dataset-90-different-animals\versions\5\animals\animals\bison\6ff12c928f.jpg,bison,train
C:\Users\Reymund\.cache\kagglehub\datasets\iamsouravbanerjee\animal-image-dataset-90-different-animals\versions\5\animals\animals\bison\0cd71800f3.jpg,bison,train
C:\Users\Reymund\.cache\kagglehub\datasets\iamsouravbanerjee\animal-image-dataset-90-different-animals\versions\5\animals\animals\bison\79e1610d01.jpg,bison,train
C:\Users\Reymund\.cache\kagglehub\datasets\iamsouravbanerjee\animal-image-dataset-90-different-animals\versions\5\animals\animals\bison\1e92525212.jpg,bison,train
C:\Users\Reymund\.cache\kagglehub\datasets\iamsouravbanerjee\animal-image-dataset-90-different-animals\versions\5\animals\animals\bison\1fe7411d04.jpg,bison,train
C:\Users\Reymund\.cache\kagglehub\datasets\iamsouravbanerjee\animal-image-dataset-90-different-animals\versions\5\animals\animals\bison\984a5b583d.jpg,bison,train
C:\Users\Reymund\.cache\kagglehub\datasets\iamsouravbanerjee\animal-image-dataset-90-different-animals\versions\5\animals\animals\bison\09fb217ec3.jpg,bison,train
C:\Users\Reymund\.cache\kagglehub\datasets\iamsouravbanerjee\animal-image-dataset-90-different-animals\versions\5\animals\animals\bison\75ab166a7d.jpg,bison,train
C:\Users\Reymund\.cache\kagglehub\datasets\iamsouravbanerjee\animal-image-dataset-90-different-animals\versions\5\animals\animals\bison\50ec617e59.jpg,bison,train
C:\Users\Reymund\.cache\kagglehub\datasets\iamsouravbanerjee\animal-image-dataset-90-different-animals\versions\5\animals\animals\bison\1a993de5a8.jpg,bison,train
C:\Users\Reymund\.cache\kagglehub\datasets\iamsouravbanerjee\animal-image-dataset-90-different-animals\versions\5\animals\animals\bison\68fe235aec.jpg,bison,train
C:\Users\Reymund\.cache\kagglehub\datasets\iamsouravbanerjee\animal-image-dataset-90-different-animals\versions\5\animals\animals\bison\8e34044b98.jpg,bison,train
C:\Users\Reymund\.cache\kagglehub\datasets\iamsouravbanerjee\animal-image-dataset-90-different-animals\versions\5\animals\animals\bison\8c3af742c3.jpg,bison,train
C:\Users\Reymund\.cache\kagglehub\datasets\iamsouravbanerjee\animal-image-dataset-90-different-animals\versions\5\animals\animals\bison\5fb564e371.jpg,bison,train
C:\Users\Reymund\.cache\kagglehub\datasets\iamsouravbanerjee\animal-image-dataset-90-different-animals\versions\5\animals\animals\bison\7f2ef9ab03.jpg,bison,train
C:\Users\Reymund\.cache\kagglehub\datasets\iamsouravbanerjee\animal-image-dataset-90-different-animals\versions\5\animals\animals\bison\1cc556c57a.jpg,bison,train
C:\Users\Reymund\.cache\kagglehub\datasets\iamsouravbanerjee\animal-image-dataset-90-different-animals\versions\5\animals\animals\bison\4296ac8525.jpg,bison,train
C:\Users\Reymund\.cache\kagglehub\datasets\iamsouravbanerjee\animal-image-dataset-90-different-animals\versions\5\animals\animals\bison\46a972d88c.jpg,bison,train
C:\Users\Reymund\.cache\kagglehub\datasets\iamsouravbanerjee\animal-image-dataset-90-different-animals\versions\5\animals\animals\bison\2e29f399bd.jpg,bison,train
C:\Users\Reymund\.cache\kagglehub\datasets\iamsouravbanerjee\animal-image-dataset-90-different-animals\versions\5\animals\animals\bison\66b5df00e3.jpg,bison,train
C:\Users\Reymund\.cache\kagglehub\datasets\iamsouravbanerjee\animal-image-dataset-90-different-animals\versions\5\animals\animals\bison\3e16486ab9.jpg,bison,train
C:\Users\Reymund\.cache\kagglehub\datasets\iamsouravbanerjee\animal-image-dataset-90-different-animals\versions\5\animals\animals\bison\7ba5eee91f.jpg,bison,train
C:\Users\Reymund\.cache\kagglehub\datasets\iamsouravbanerjee\animal-image-dataset-90-different-animals\versions\5\animals\animals\bison\961a895686.jpg,bison,train
C:\Users\Reymund\.cache\kagglehub\datasets\iamsouravbanerjee\animal-image-dataset-90-different-animals\versions\5\animals\animals\bison\85e145af6c.jpg,bison,train
C:\Users\Reymund\.cache\kagglehub\datasets\iamsouravbanerjee\animal-image-dataset-90-different-animals\versions\5\animals\animals\bison\133ca596fe.jpg,bison,train
C:\Users\Reymund\.cache\kagglehub\datasets\iamsouravbanerjee\animal-image-dataset-90-different-animals\versions\5\animals\animals\bison\3c991fec2f.jpg,bison,train
C:\Users\Reymund\.cache\kagglehub\datasets\iamsouravbanerjee\animal-image-dataset-90-different-animals\versions\5\animals\animals\bison\862e2c6379.jpg,bison,train
C:\Users\Reymund\.cache\kagglehub\datasets\iamsouravbanerjee\animal-image-dataset-90-different-animals\versions\5\animals\animals\bison\5c81a68ac3.jpg,bison,train
C:\Users\Reymund\.cache\kagglehub\datasets\iamsouravbanerjee\animal-image-dataset-90-different-animals\versions\5\animals\animals\bison\87a5c700ad.jpg,bison,train
C:\Users\Reymund\.cache\kagglehub\datasets\iamsouravbanerjee\animal-image-dataset-90-different-animals\versions\5\animals\animals\bison\8fce80d5ba.jpg,bison,train
C:\Users\Reymund\.cache\kagglehub\datasets\iamsouravbanerjee\animal-image-dataset-90-different-animals\versions\5\animals\animals\bison\4a11160cd7.jpg,bison,train
C:\Users\Reymund\.cache\kagglehub\datasets\iamsouravbanerjee\animal-image-dataset-90-different-animals\versions\5\animals\animals\bison\1e727a98f4.jpg,bison,train
C:\Users\Reymund\.cache\kagglehub\datasets\iamsouravbanerjee\animal-image-dataset-90-different-animals\versions\5\animals\animals\bison\2fe9812e0d.jpg,bison,train
C:\Users\Reymund\.cache\kagglehub\datasets\iamsouravbanerjee\animal-image-dataset-90-different-animals\versions\5\animals\animals\bison\3d11fc4521.jpg,bison,train
C:\Users\Reymund\.cache\kagglehub\datasets\iamsouravbanerjee\animal-image-dataset-90-different-animals\versions\5\animals\animals\bison\2e1e1357b7.jpg,bison,train
C:\Users\Reymund\.cache\kagglehub\datasets\iamsouravbanerjee\animal-image-dataset-90-different-animals\versions\5\animals\animals\bison\7d214aab4b.jpg,bison,train
C:\Users\Reymund\.cache\kagglehub\datasets\iamsouravbanerjee\animal-image-dataset-90-different-animals\versions\5\animals\animals\bison\3caa994e3d.jpg,bison,train
C:\Users\Reymund\.cache\kagglehub\datasets\iamsouravbanerjee\animal-image-dataset-90-different-animals\versions\5\animals\animals\bison\9e150d02f9.jpg,bison,train
C:\Users\Reymund\.cache\kagglehub\datasets\iamsouravbanerjee\animal-image-dataset-90-different-animals\versions\5\animals\animals\bison\2e25157a7f.jpg,bison,val
C:\Users\Reymund\.cache\kagglehub\datasets\iamsouravbanerjee\animal-image-dataset-90-different-animals\versions\5\animals\animals\bison\59c044d6bb.jpg,bison,val
C:\Users\Reymund\.cache\kagglehub\datasets\iamsouravbanerjee\animal-image-dataset-90-different-animals\versions\5\animals\animals\bison\1ff9aec98d.jpg,bison,val
C:\Users\Reymund\.cache\kagglehub\datasets\iamsouravbanerjee\animal-image-dataset-90-different-animals\versions\5\animals\animals\bison\5f3c5cffee.jpg,bison,val
C:\Users\Reymund\.cache\kagglehub\datasets\iamsouravbanerjee\animal-image-dataset-90-different-animals\versions\5\animals\animals\bison\88b723ce90.jpg,bison,val
C:\Users\Reymund\.cache\kagglehub\datasets\iamsouravbanerjee\animal-image-dataset-90-different-animals\versions\5\animals\animals\bison\1a94573fa2.jpg,bison,val
C:\Users\Reymund\.cache\kagglehub\datasets\iamsouravbanerjee\animal-image-dataset-90-different-animals\versions\5\animals\animals\bison\60d925696f.jpg,bison,val
C:\Users\Reymund\.cache\kagglehub\datasets\iamsouravbanerjee\animal-image-dataset-90-different-animals\versions\5\animals\animals\bison\6e58d5608a.jpg,bison,val
C:\Users\Reymund\.cache\kagglehub\datasets\iamsouravbanerjee\animal-image-dataset-90-different-animals\versions\5\animals\animals\bison\8e6adbdc40.jpg,bison,val
C:\Users\Reymund\.cache\kagglehub\datasets\iamsouravbanerjee\animal-image-dataset-90-different-animals\versions\5\animals\animals\bison\02116e752c.jpg,bison,test
C:\Users\Reymund\.cache\kagglehub\datasets\iamsouravbanerjee\animal-image-dataset-90-different-animals\versions\5\animals\animals\bison\150de5d9c4.jpg,bison,test
C:\Users\Reymund\.cache\kagglehub\datasets\iamsouravbanerjee\animal-image-dataset-90-different-animals\versions\5\animals\animals\bison\82ec723a4f.jpg,bison,test
C:\Users\Reymund\.cache\kagglehub\datasets\iamsouravbanerjee\animal-image-dataset-90-different-animals\versions\5\animals\animals\bison\3ac6b41fff.jpg,bison,test
C:\Users\Reymund\.cache\kagglehub\datasets\iamsouravbanerjee\animal-image-dataset-90-different-animals\versions\5\animals\animals\bison\4d50fcf8a7.jpg,bison,test
C:\Users\Reymund\.cache\kagglehub\datasets\iamsouravbanerjee\animal-image-dataset-90-different-animals\versions\5\animals\animals\bison\35e68b0489.jpg,bison,test
C:\Users\Reymund\.cache\kagglehub\datasets\iamsouravbanerjee\animal-image-dataset-90-different-animals\versions\5\animals\animals\bison\73b10839bc.jpg,bison,test
C:\Users\Reymund\.cache\kagglehub\datasets\iamsouravbanerjee\animal-image-dataset-90-different-animals\versions\5\animals\animals\bison\74dc1dd32a.jpg,bison,test
C:\Users\Reymund\.cache\kagglehub\datasets\iamsouravbanerjee\animal-image-dataset-90-different-animals\versions\5\animals\animals\bison\1c4993f09f.jpg,bison,test
C:\Users\Reymund\.cache\kagglehub\datasets\iamsouravbanerjee\animal-image-dataset-90-different-animals\versions\5\animals\animals\boar\5297f21f92.jpg,boar,train
C:\Users\Reymund\.cache\kagglehub\datasets\iamsouravbanerjee\animal-image-dataset-90-different-animals\versions\5\animals\animals\boar\5d4baab2e0.jpg,boar,train
C:\Users\Reymund\.cache\kagglehub\datasets\iamsouravbanerjee\animal-image-dataset-90-different-animals\versions\5\animals\animals\boar\62aaa0057f.jpg,boar,train
C:\Users\Reymund\.cache\kagglehub\datasets\iamsouravbanerjee\animal-image-dataset-90-different-animals\versions\5\animals\animals\boar\7f1d39763e.jpg,boar,train
C:\Users\Reymund\.cache\kagglehub\datasets\iamsouravbanerjee\animal-image-dataset-90-different-animals\versions\5\animals\animals\boar\79b4862abe.jpg,boar,train
C:\Users\Reymund\.cache\kagglehub\datasets\iamsouravbanerjee\animal-image-dataset-90-different-animals\versions\5\animals\animals\boar\4a799151a2.jpg,boar,train
C:\Users\Reymund\.cache\kagglehub\datasets\iamsouravbanerjee\animal-image-dataset-90-different-animals\versions\5\animals\animals\boar\51c7d65b34.jpg,boar,train
C:\Users\Reymund\.cache\kagglehub\datasets\iamsouravbanerjee\animal-image-dataset-90-different-animals\versions\5\animals\animals\boar\25ec8c79ee.jpg,boar,train
C:\Users\Reymund\.cache\kagglehub\datasets\iamsouravbanerjee\animal-image-dataset-90-different-animals\versions\5\animals\animals\boar\911a9d2f67.jpg,boar,train
C:\Users\Reymund\.cache\kagglehub\datasets\iamsouravbanerjee\animal-image-dataset-90-different-animals\versions\5\animals\animals\boar\343c23952b.jpg,boar,train
C:\Users\Reymund\.cache\kagglehub\datasets\iamsouravbanerjee\animal-image-dataset-90-different-animals\versions\5\animals\animals\boar\2bec6d90a6.jpg,boar,train
C:\Users\Reymund\.cache\kagglehub\datasets\iamsouravbanerjee\animal-image-dataset-90-different-animals\versions\5\animals\animals\boar\2e85f933b3.jpg,boar,train
C:\Users\Reymund\.cache\kagglehub\datasets\iamsouravbanerjee\animal-image-dataset-90-different-animals\versions\5\animals\animals\boar\2fa8d16887.jpg,boar,train
C:\Users\Reymund\.cache\kagglehub\datasets\iamsouravbanerjee\animal-image-dataset-90-different-animals\versions\5\animals\animals\boar\3c34dc709e.jpg,boar,train
C:\Users\Reymund\.cache\kagglehub\datasets\iamsouravbanerjee\animal-image-dataset-90-different-animals\versions\5\animals\animals\boar\3d28ab32a5.jpg,boar,train
C:\Users\Reymund\.cache\kagglehub\datasets\iamsouravbanerjee\animal-image-dataset-90-different-animals\versions\5\animals\animals\boar\0b2e935388.jpg,boar,train
C:\Users\Reymund\.cache\kagglehub\datasets\iamsouravbanerjee\animal-image-dataset-90-different-animals\versions\5\animals\animals\boar\287ebb3999.jpg,boar,train
C:\Users\Reymund\.cache\kagglehub\datasets\iamsouravbanerjee\animal-image-dataset-90-different-animals\versions\5\animals\animals\boar\12c58c5e8c.jpg,boar,train
C:\Users\Reymund\.cache\kagglehub\datasets\iamsouravbanerjee\animal-image-dataset-90-different-animals\versions\5\animals\animals\boar\61c314e564.jpg,boar,train
C:\Users\Reymund\.cache\kagglehub\datasets\iamsouravbanerjee\animal-image-dataset-90-different-animals\versions\5\animals\animals\boar\684b815f3d.jpg,boar,train
C:\Users\Reymund\.cache\kagglehub\datasets\iamsouravbanerjee\animal-image-dataset-90-different-animals\versions\5\animals\animals\boar\942a4ed80a.jpg,boar,train
C:\Users\Reymund\.cache\kagglehub\datasets\iamsouravbanerjee\animal-image-dataset-90-different-animals\versions\5\animals\animals\boar\517c9f6d24.jpg,boar,train
C:\Users\Reymund\.cache\kagglehub\datasets\iamsouravbanerjee\animal-image-dataset-90-different-animals\versions\5\animals\animals\boar\2005eb9945.jpg,boar,train
C:\Users\Reymund\.cache\kagglehub\datasets\iamsouravbanerjee\animal-image-dataset-90-different-animals\versions\5\animals\animals\boar\52fca892e9.jpg,boar,train
C:\Users\Reymund\.cache\kagglehub\datasets\iamsouravbanerjee\animal-image-dataset-90-different-animals\versions\5\animals\animals\boar\94bbb828ba.jpg,boar,train
C:\Users\Reymund\.cache\kagglehub\datasets\iamsouravbanerjee\animal-image-dataset-90-different-animals\versions\5\animals\animals\boar\7b435a22dd.jpg,boar,train
C:\Users\Reymund\.cache\kagglehub\datasets\iamsouravbanerjee\animal-image-dataset-90-different-animals\versions\5\animals\animals\boar\4f712dd94c.jpg,boar,train
C:\Users\Reymund\.cache\kagglehub\datasets\iamsouravbanerjee\animal-image-dataset-90-different-animals\versions\5\animals\animals\boar\4f5b8e247e.jpg,boar,train
C:\Users\Reymund\.cache\kagglehub\datasets\iamsouravbanerjee\animal-image-dataset-90-different-animals\versions\5\animals\animals\boar\4b3234a9cf.jpg,boar,train
C:\Users\Reymund\.cache\kagglehub\datasets\iamsouravbanerjee\animal-image-dataset-90-different-animals\versions\5\animals\animals\boar\149cf25549.jpg,boar,train
C:\Users\Reymund\.cache\kagglehub\datasets\iamsouravbanerjee\animal-image-dataset-90-different-animals\versions\5\animals\animals\boar\8b56ccd502.jpg,boar,train
C:\Users\Reymund\.cache\kagglehub\datasets\iamsouravbanerjee\animal-image-dataset-90-different-animals\versions\5\animals\animals\boar\583c3a1d3e.jpg,boar,train
C:\Users\Reymund\.cache\kagglehub\datasets\iamsouravbanerjee\animal-image-dataset-90-different-animals\versions\5\animals\animals\boar\9d842e6c27.jpg,boar,train
C:\Users\Reymund\.cache\kagglehub\datasets\iamsouravbanerjee\animal-image-dataset-90-different-animals\versions\5\animals\animals\boar\4c9de46c24.jpg,boar,train
C:\Users\Reymund\.cache\kagglehub\datasets\iamsouravbanerjee\animal-image-dataset-90-different-animals\versions\5\animals\animals\boar\5d00af3e3f.jpg,boar,train
C:\Users\Reymund\.cache\kagglehub\datasets\iamsouravbanerjee\animal-image-dataset-90-different-animals\versions\5\animals\animals\boar\1643dbb824.jpg,boar,train
C:\Users\Reymund\.cache\kagglehub\datasets\iamsouravbanerjee\animal-image-dataset-90-different-animals\versions\5\animals\animals\boar\2c23b537e2.jpg,boar,train
C:\Users\Reymund\.cache\kagglehub\datasets\iamsouravbanerjee\animal-image-dataset-90-different-animals\versions\5\animals\animals\boar\28aea02d8b.jpg,boar,train
C:\Users\Reymund\.cache\kagglehub\datasets\iamsouravbanerjee\animal-image-dataset-90-different-animals\versions\5\animals\animals\boar\3fc82d21eb.jpg,boar,train
C:\Users\Reymund\.cache\kagglehub\datasets\iamsouravbanerjee\animal-image-dataset-90-different-animals\versions\5\animals\animals\boar\640adadebc.jpg,boar,train
C:\Users\Reymund\.cache\kagglehub\datasets\iamsouravbanerjee\animal-image-dataset-90-different-animals\versions\5\animals\animals\boar\7bcca83462.jpg,boar,train
C:\Users\Reymund\.cache\kagglehub\datasets\iamsouravbanerjee\animal-image-dataset-90-different-animals\versions\5\animals\animals\boar\351fc18170.jpg,boar,train
C:\Users\Reymund\.cache\kagglehub\datasets\iamsouravbanerjee\animal-image-dataset-90-different-animals\versions\5\animals\animals\boar\7dbc8fac10.jpg,boar,val
C:\Users\Reymund\.cache\kagglehub\datasets\iamsouravbanerjee\animal-image-dataset-90-different-animals\versions\5\animals\animals\boar\183f0cd1c2.jpg,boar,val
C:\Users\Reymund\.cache\kagglehub\datasets\iamsouravbanerjee\animal-image-dataset-90-different-animals\versions\5\animals\animals\boar\981d244af2.jpg,boar,val
C:\Users\Reymund\.cache\kagglehub\datasets\iamsouravbanerjee\animal-image-dataset-90-different-animals\versions\5\animals\animals\boar\89d3a108ef.jpg,boar,val
C:\Users\Reymund\.cache\kagglehub\datasets\iamsouravbanerjee\animal-image-dataset-90-different-animals\versions\5\animals\animals\boar\962a7fc413.jpg,boar,val
C:\Users\Reymund\.cache\kagglehub\datasets\iamsouravbanerjee\animal-image-dataset-90-different-animals\versions\5\animals\animals\boar\5aa8637cf7.jpg,boar,val
C:\Users\Reymund\.cache\kagglehub\datasets\iamsouravbanerjee\animal-image-dataset-90-different-animals\versions\5\animals\animals\boar\481db3c9bd.jpg,boar,val
C:\Users\Reymund\.cache\kagglehub\datasets\iamsouravbanerjee\animal-image-dataset-90-different-animals\versions\5\animals\animals\boar\0d168ffd8a.jpg,boar,val
C:\Users\Reymund\.cache\kagglehub\datasets\iamsouravbanerjee\animal-image-dataset-90-different-animals\versions\5\animals\animals\boar\549c6255cb.jpg,boar,val
C:\Users\Reymund\.cache\kagglehub\datasets\iamsouravbanerjee\animal-image-dataset-90-different-animals\versions\5\animals\animals\boar\1e28d918cf.jpg,boar,test
C:\Users\Reymund\.cache\kagglehub\datasets\iamsouravbanerjee\animal-image-dataset-90-different-animals\versions\5\animals\animals\boar\68b228e6ca.jpg,boar,test
C:\Users\Reymund\.cache\kagglehub\datasets\iamsouravbanerjee\animal-image-dataset-90-different-animals\versions\5\animals\animals\boar\13e49ce33a.jpg,boar,test
C:\Users\Reymund\.cache\kagglehub\datasets\iamsouravbanerjee\animal-image-dataset-90-different-animals\versions\5\animals\animals\boar\17c67e42a7.jpg,boar,test
C:\Users\Reymund\.cache\kagglehub\datasets\iamsouravbanerjee\animal-image-dataset-90-different-animals\versions\5\animals\animals\boar\0903d0db72.jpg,boar,test
C:\Users\Reymund\.cache\kagglehub\datasets\iamsouravbanerjee\animal-image-dataset-90-different-animals\versions\5\animals\animals\boar\9f4587d093.jpg,boar,test
C:\Users\Reymund\.cache\kagglehub\datasets\iamsouravbanerjee\animal-image-dataset-90-different-animals\versions\5\animals\animals\boar\4d216b409a.jpg,boar,test
C:\Users\Reymund\.cache\kagglehub\datasets\iamsouravbanerjee\animal-image-dataset-90-different-animals\versions\5\animals\animals\boar\755f1917ac.jpg,boar,test
C:\Users\Reymund\.cache\kagglehub\datasets\iamsouravbanerjee\animal-image-dataset-90-different-animals\versions\5\animals\animals\boar\580d7cc298.jpg,boar,test
C:\Users\Reymund\.cache\kagglehub\datasets\iamsouravbanerjee\animal-image-dataset-90-different-animals\versions\5\animals\animals\butterfly\8c25f34950.jpg,butterfly,train
C:\Users\Reymund\.cache\kagglehub\datasets\iamsouravbanerjee\animal-image-dataset-90-different-animals\versions\5\animals\animals\butterfly\2c1d889764.jpg,butterfly,train
C:\Users\Reymund\.cache\kagglehub\datasets\iamsouravbanerjee\animal-image-dataset-90-different-animals\versions\5\animals\animals\butterfly\60eb7f058d.jpg,butterfly,train
C:\Users\Reymund\.cache\kagglehub\datasets\iamsouravbanerjee\animal-image-dataset-90-different-animals\versions\5\animals\animals\butterfly\4d0bb88054.jpg,butterfly,train
C:\Users\Reymund\.cache\kagglehub\datasets\iamsouravbanerjee\animal-image-dataset-90-different-animals\versions\5\animals\animals\butterfly\27e70134f5.jpg,butterfly,train
C:\Users\Reymund\.cache\kagglehub\datasets\iamsouravbanerjee\animal-image-dataset-90-different-animals\versions\5\animals\animals\butterfly\2c8a89664b.jpg,butterfly,train
C:\Users\Reymund\.cache\kagglehub\datasets\iamsouravbanerjee\animal-image-dataset-90-different-animals\versions\5\animals\animals\butterfly\60e6114a8a.jpg,butterfly,train
C:\Users\Reymund\.cache\kagglehub\datasets\iamsouravbanerjee\animal-image-dataset-90-different-animals\versions\5\animals\animals\butterfly\1c382b3385.jpg,butterfly,train
C:\Users\Reymund\.cache\kagglehub\datasets\iamsouravbanerjee\animal-image-dataset-90-different-animals\versions\5\animals\animals\butterfly\16a79172c2.jpg,butterfly,train
C:\Users\Reymund\.cache\kagglehub\datasets\iamsouravbanerjee\animal-image-dataset-90-different-animals\versions\5\animals\animals\butterfly\49da7810ae.jpg,butterfly,train
C:\Users\Reymund\.cache\kagglehub\datasets\iamsouravbanerjee\animal-image-dataset-90-different-animals\versions\5\animals\animals\butterfly\4830c4207b.jpg,butterfly,train
C:\Users\Reymund\.cache\kagglehub\datasets\iamsouravbanerjee\animal-image-dataset-90-different-animals\versions\5\animals\animals\butterfly\2e59b6e7c7.jpg,butterfly,train
C:\Users\Reymund\.cache\kagglehub\datasets\iamsouravbanerjee\animal-image-dataset-90-different-animals\versions\5\animals\animals\butterfly\1c1de9b3a2.jpg,butterfly,train
C:\Users\Reymund\.cache\kagglehub\datasets\iamsouravbanerjee\animal-image-dataset-90-different-animals\versions\5\animals\animals\butterfly\9e9409f4fd.jpg,butterfly,train
C:\Users\Reymund\.cache\kagglehub\datasets\iamsouravbanerjee\animal-image-dataset-90-different-animals\versions\5\animals\animals\butterfly\7ace210e11.jpg,butterfly,train
C:\Users\Reymund\.cache\kagglehub\datasets\iamsouravbanerjee\animal-image-dataset-90-different-animals\versions\5\animals\animals\butterfly\11ccf63df4.jpg,butterfly,train
C:\Users\Reymund\.cache\kagglehub\datasets\iamsouravbanerjee\animal-image-dataset-90-different-animals\versions\5\animals\animals\butterfly\5e0bb64200.jpg,butterfly,train
C:\Users\Reymund\.cache\kagglehub\datasets\iamsouravbanerjee\animal-image-dataset-90-different-animals\versions\5\animals\animals\butterfly\1c97438e96.jpg,butterfly,train
C:\Users\Reymund\.cache\kagglehub\datasets\iamsouravbanerjee\animal-image-dataset-90-different-animals\versions\5\animals\animals\butterfly\78c0646afd.jpg,butterfly,train
C:\Users\Reymund\.cache\kagglehub\datasets\iamsouravbanerjee\animal-image-dataset-90-different-animals\versions\5\animals\animals\butterfly\48c662d1ce.jpg,butterfly,train
C:\Users\Reymund\.cache\kagglehub\datasets\iamsouravbanerjee\animal-image-dataset-90-different-animals\versions\5\animals\animals\butterfly\7af84c6e5a.jpg,butterfly,train
C:\Users\Reymund\.cache\kagglehub\datasets\iamsouravbanerjee\animal-image-dataset-90-different-animals\versions\5\animals\animals\butterfly\914e36917d.jpg,butterfly,train
C:\Users\Reymund\.cache\kagglehub\datasets\iamsouravbanerjee\animal-image-dataset-90-different-animals\versions\5\animals\animals\butterfly\3c19f4785b.jpg,butterfly,train
C:\Users\Reymund\.cache\kagglehub\datasets\iamsouravbanerjee\animal-image-dataset-90-different-animals\versions\5\animals\animals\butterfly\9affbc09db.jpg,butterfly,train
C:\Users\Reymund\.cache\kagglehub\datasets\iamsouravbanerjee\animal-image-dataset-90-different-animals\versions\5\animals\animals\butterfly\91cc6f8ef4.jpg,butterfly,train
C:\Users\Reymund\.cache\kagglehub\datasets\iamsouravbanerjee\animal-image-dataset-90-different-animals\versions\5\animals\animals\butterfly\8f9c022352.jpg,butterfly,train
C:\Users\Reymund\.cache\kagglehub\datasets\iamsouravbanerjee\animal-image-dataset-90-different-animals\versions\5\animals\animals\butterfly\4dc0e11cdd.jpg,butterfly,train
C:\Users\Reymund\.cache\kagglehub\datasets\iamsouravbanerjee\animal-image-dataset-90-different-animals\versions\5\animals\animals\butterfly\016caf0681.jpg,butterfly,train
C:\Users\Reymund\.cache\kagglehub\datasets\iamsouravbanerjee\animal-image-dataset-90-different-animals\versions\5\animals\animals\butterfly\26c0074cef.jpg,butterfly,train
C:\Users\Reymund\.cache\kagglehub\datasets\iamsouravbanerjee\animal-image-dataset-90-different-animals\versions\5\animals\animals\butterfly\6bd95d1776.jpg,butterfly,train
C:\Users\Reymund\.cache\kagglehub\datasets\iamsouravbanerjee\animal-image-dataset-90-different-animals\versions\5\animals\animals\butterfly\85e36e035c.jpg,butterfly,train
C:\Users\Reymund\.cache\kagglehub\datasets\iamsouravbanerjee\animal-image-dataset-90-different-animals\versions\5\animals\animals\butterfly\8c44899790.jpg,butterfly,train
C:\Users\Reymund\.cache\kagglehub\datasets\iamsouravbanerjee\animal-image-dataset-90-different-animals\versions\5\animals\animals\butterfly\215f5c919b.jpg,butterfly,train
C:\Users\Reymund\.cache\kagglehub\datasets\iamsouravbanerjee\animal-image-dataset-90-different-animals\versions\5\animals\animals\butterfly\3fd3aebc4b.jpg,butterfly,train
C:\Users\Reymund\.cache\kagglehub\datasets\iamsouravbanerjee\animal-image-dataset-90-different-animals\versions\5\animals\animals\butterfly\843a638f47.jpg,butterfly,train
C:\Users\Reymund\.cache\kagglehub\datasets\iamsouravbanerjee\animal-image-dataset-90-different-animals\versions\5\animals\animals\butterfly\903cb5fb73.jpg,butterfly,train
C:\Users\Reymund\.cache\kagglehub\datasets\iamsouravbanerjee\animal-image-dataset-90-different-animals\versions\5\animals\animals\butterfly\6a09b0f37d.jpg,butterfly,train
C:\Users\Reymund\.cache\kagglehub\datasets\iamsouravbanerjee\animal-image-dataset-90-different-animals\versions\5\animals\animals\butterfly\3513bc5551.jpg,butterfly,train
C:\Users\Reymund\.cache\kagglehub\datasets\iamsouravbanerjee\animal-image-dataset-90-different-animals\versions\5\animals\animals\butterfly\9ec9340720.jpg,butterfly,train
C:\Users\Reymund\.cache\kagglehub\datasets\iamsouravbanerjee\animal-image-dataset-90-different-animals\versions\5\animals\animals\butterfly\4862ffccc5.jpg,butterfly,train
C:\Users\Reymund\.cache\kagglehub\datasets\iamsouravbanerjee\animal-image-dataset-90-different-animals\versions\5\animals\animals\butterfly\63a57d9527.jpg,butterfly,train
C:\Users\Reymund\.cache\kagglehub\datasets\iamsouravbanerjee\animal-image-dataset-90-different-animals\versions\5\animals\animals\butterfly\16b44ef03b.jpg,butterfly,train
C:\Users\Reymund\.cache\kagglehub\datasets\iamsouravbanerjee\animal-image-dataset-90-different-animals\versions\5\animals\animals\butterfly\110f709dfb.jpg,butterfly,val
C:\Users\Reymund\.cache\kagglehub\datasets\iamsouravbanerjee\animal-image-dataset-90-different-animals\versions\5\animals\animals\butterfly\810c695037.jpg,butterfly,val
C:\Users\Reymund\.cache\kagglehub\datasets\iamsouravbanerjee\animal-image-dataset-90-different-animals\versions\5\animals\animals\butterfly\620fc0d86e.jpg,butterfly,val
C:\Users\Reymund\.cache\kagglehub\datasets\iamsouravbanerjee\animal-image-dataset-90-different-animals\versions\5\animals\animals\butterfly\2105f72d23.jpg,butterfly,val
C:\Users\Reymund\.cache\kagglehub\datasets\iamsouravbanerjee\animal-image-dataset-90-different-animals\versions\5\animals\animals\butterfly\2c514531e1.jpg,butterfly,val
C:\Users\Reymund\.cache\kagglehub\datasets\iamsouravbanerjee\animal-image-dataset-90-different-animals\versions\5\animals\animals\butterfly\179b8e3c33.jpg,butterfly,val
C:\Users\Reymund\.cache\kagglehub\datasets\iamsouravbanerjee\animal-image-dataset-90-different-animals\versions\5\animals\animals\butterfly\10dd21a05c.jpg,butterfly,val
C:\Users\Reymund\.cache\kagglehub\datasets\iamsouravbanerjee\animal-image-dataset-90-different-animals\versions\5\animals\animals\butterfly\3720ca97bc.jpg,butterfly,val
C:\Users\Reymund\.cache\kagglehub\datasets\iamsouravbanerjee\animal-image-dataset-90-different-animals\versions\5\animals\animals\butterfly\600bce49ef.jpg,butterfly,val
C:\Users\Reymund\.cache\kagglehub\datasets\iamsouravbanerjee\animal-image-dataset-90-different-animals\versions\5\animals\animals\butterfly\799eea3f84.jpg,butterfly,test
C:\Users\Reymund\.cache\kagglehub\datasets\iamsouravbanerjee\animal-image-dataset-90-different-animals\versions\5\animals\animals\butterfly\409ab5f2f9.jpg,butterfly,test
C:\Users\Reymund\.cache\kagglehub\datasets\iamsouravbanerjee\animal-image-dataset-90-different-animals\versions\5\animals\animals\butterfly\5a094c5a36.jpg,butterfly,test
C:\Users\Reymund\.cache\kagglehub\datasets\iamsouravbanerjee\animal-image-dataset-90-different-animals\versions\5\animals\animals\butterfly\6ef1439231.jpg,butterfly,test
C:\Users\Reymund\.cache\kagglehub\datasets\iamsouravbanerjee\animal-image-dataset-90-different-animals\versions\5\animals\animals\butterfly\37a1b4de80.jpg,butterfly,test
C:\Users\Reymund\.cache\kagglehub\datasets\iamsouravbanerjee\animal-image-dataset-90-different-animals\versions\5\animals\animals\butterfly\2c52b24385.jpg,butterfly,test
C:\Users\Reymund\.cache\kagglehub\datasets\iamsouravbanerjee\animal-image-dataset-90-different-animals\versions\5\animals\animals\butterfly\88cb3b58df.jpg,butterfly,test
C:\Users\Reymund\.cache\kagglehub\datasets\iamsouravbanerjee\animal-image-dataset-90-different-animals\versions\5\animals\animals\butterfly\13bc40b533.jpg,butterfly,test
C:\Users\Reymund\.cache\kagglehub\datasets\iamsouravbanerjee\animal-image-dataset-90-different-animals\versions\5\animals\animals\butterfly\91af981d14.jpg,butterfly,test
C:\Users\Reymund\.cache\kagglehub\datasets\iamsouravbanerjee\animal-image-dataset-90-different-animals\versions\5\animals\animals\cat\32cd00f171.jpg,cat,train
C:\Users\Reymund\.cache\kagglehub\datasets\iamsouravbanerjee\animal-image-dataset-90-different-animals\versions\5\animals\animals\cat\1a2dce7848.jpg,cat,train
C:\Users\Reymund\.cache\kagglehub\datasets\iamsouravbanerjee\animal-image-dataset-90-different-animals\versions\5\animals\animals\cat\0d0d6d90d8.jpg,cat,train
C:\Users\Reymund\.cache\kagglehub\datasets\iamsouravbanerjee\animal-image-dataset-90-different-animals\versions\5\animals\animals\cat\3f3a2aaef2.jpg,cat,train
C:\Users\Reymund\.cache\kagglehub\datasets\iamsouravbanerjee\animal-image-dataset-90-different-animals\versions\5\animals\animals\cat\6fe978c917.jpg,cat,train
C:\Users\Reymund\.cache\kagglehub\datasets\iamsouravbanerjee\animal-image-dataset-90-different-animals\versions\5\animals\animals\cat\6296ca5ccf.jpg,cat,train
C:\Users\Reymund\.cache\kagglehub\datasets\iamsouravbanerjee\animal-image-dataset-90-different-animals\versions\5\animals\animals\cat\9fd544a838.jpg,cat,train
C:\Users\Reymund\.cache\kagglehub\datasets\iamsouravbanerjee\animal-image-dataset-90-different-animals\versions\5\animals\animals\cat\9293137b5d.jpg,cat,train
C:\Users\Reymund\.cache\kagglehub\datasets\iamsouravbanerjee\animal-image-dataset-90-different-animals\versions\5\animals\animals\cat\8af49688fa.jpg,cat,train
C:\Users\Reymund\.cache\kagglehub\datasets\iamsouravbanerjee\animal-image-dataset-90-different-animals\versions\5\animals\animals\cat\7f923c6676.jpg,cat,train
C:\Users\Reymund\.cache\kagglehub\datasets\iamsouravbanerjee\animal-image-dataset-90-different-animals\versions\5\animals\animals\cat\46af339620.jpg,cat,train
C:\Users\Reymund\.cache\kagglehub\datasets\iamsouravbanerjee\animal-image-dataset-90-different-animals\versions\5\animals\animals\cat\087d293433.jpg,cat,train
C:\Users\Reymund\.cache\kagglehub\datasets\iamsouravbanerjee\animal-image-dataset-90-different-animals\versions\5\animals\animals\cat\84db062d1f.jpg,cat,train
C:\Users\Reymund\.cache\kagglehub\datasets\iamsouravbanerjee\animal-image-dataset-90-different-animals\versions\5\animals\animals\cat\636b432421.jpg,cat,train
C:\Users\Reymund\.cache\kagglehub\datasets\iamsouravbanerjee\animal-image-dataset-90-different-animals\versions\5\animals\animals\cat\31ae8d36b6.jpg,cat,train
C:\Users\Reymund\.cache\kagglehub\datasets\iamsouravbanerjee\animal-image-dataset-90-different-animals\versions\5\animals\animals\cat\730d6a8791.jpg,cat,train
C:\Users\Reymund\.cache\kagglehub\datasets\iamsouravbanerjee\animal-image-dataset-90-different-animals\versions\5\animals\animals\cat\2a40de8365.jpg,cat,train
C:\Users\Reymund\.cache\kagglehub\datasets\iamsouravbanerjee\animal-image-dataset-90-different-animals\versions\5\animals\animals\cat\83e8a824a2.jpg,cat,train
C:\Users\Reymund\.cache\kagglehub\datasets\iamsouravbanerjee\animal-image-dataset-90-different-animals\versions\5\animals\animals\cat\2d7dc1ddb5.jpg,cat,train
C:\Users\Reymund\.cache\kagglehub\datasets\iamsouravbanerjee\animal-image-dataset-90-different-animals\versions\5\animals\animals\cat\9d21019336.jpg,cat,train
C:\Users\Reymund\.cache\kagglehub\datasets\iamsouravbanerjee\animal-image-dataset-90-different-animals\versions\5\animals\animals\cat\029c926ce9.jpg,cat,train
C:\Users\Reymund\.cache\kagglehub\datasets\iamsouravbanerjee\animal-image-dataset-90-different-animals\versions\5\animals\animals\cat\81b58d7d07.jpg,cat,train
C:\Users\Reymund\.cache\kagglehub\datasets\iamsouravbanerjee\animal-image-dataset-90-different-animals\versions\5\animals\animals\cat\094ac674a9.jpg,cat,train
C:\Users\Reymund\.cache\kagglehub\datasets\iamsouravbanerjee\animal-image-dataset-90-different-animals\versions\5\animals\animals\cat\0c3d04bcf5.jpg,cat,train
C:\Users\Reymund\.cache\kagglehub\datasets\iamsouravbanerjee\animal-image-dataset-90-different-animals\versions\5\animals\animals\cat\76273ddb00.jpg,cat,train
C:\Users\Reymund\.cache\kagglehub\datasets\iamsouravbanerjee\animal-image-dataset-90-different-animals\versions\5\animals\animals\cat\11883c3dd8.jpg,cat,train
C:\Users\Reymund\.cache\kagglehub\datasets\iamsouravbanerjee\animal-image-dataset-90-different-animals\versions\5\animals\animals\cat\6128bd1a84.jpg,cat,train
C:\Users\Reymund\.cache\kagglehub\datasets\iamsouravbanerjee\animal-image-dataset-90-different-animals\versions\5\animals\animals\cat\0cfaf08fce.jpg,cat,train
C:\Users\Reymund\.cache\kagglehub\datasets\iamsouravbanerjee\animal-image-dataset-90-different-animals\versions\5\animals\animals\cat\9e020b77ac.jpg,cat,train
C:\Users\Reymund\.cache\kagglehub\datasets\iamsouravbanerjee\animal-image-dataset-90-different-animals\versions\5\animals\animals\cat\4c6ff6dae0.jpg,cat,train
C:\Users\Reymund\.cache\kagglehub\datasets\iamsouravbanerjee\animal-image-dataset-90-different-animals\versions\5\animals\animals\cat\057e6db146.jpg,cat,train
C:\Users\Reymund\.cache\kagglehub\datasets\iamsouravbanerjee\animal-image-dataset-90-different-animals\versions\5\animals\animals\cat\39ae72da61.jpg,cat,train
C:\Users\Reymund\.cache\kagglehub\datasets\iamsouravbanerjee\animal-image-dataset-90-different-animals\versions\5\animals\animals\cat\98470f6918.jpg,cat,train
C:\Users\Reymund\.cache\kagglehub\datasets\iamsouravbanerjee\animal-image-dataset-90-different-animals\versions\5\animals\animals\cat\0b54dde5f5.jpg,cat,train
C:\Users\Reymund\.cache\kagglehub\datasets\iamsouravbanerjee\animal-image-dataset-90-different-animals\versions\5\animals\animals\cat\124eecb74f.jpg,cat,train
C:\Users\Reymund\.cache\kagglehub\datasets\iamsouravbanerjee\animal-image-dataset-90-different-animals\versions\5\animals\animals\cat\5e07a0666d.jpg,cat,train
C:\Users\Reymund\.cache\kagglehub\datasets\iamsouravbanerjee\animal-image-dataset-90-different-animals\versions\5\animals\animals\cat\612c521481.jpg,cat,train
C:\Users\Reymund\.cache\kagglehub\datasets\iamsouravbanerjee\animal-image-dataset-90-different-animals\versions\5\animals\animals\cat\77dee19720.jpg,cat,train
C:\Users\Reymund\.cache\kagglehub\datasets\iamsouravbanerjee\animal-image-dataset-90-different-animals\versions\5\animals\animals\cat\8d88a86d91.jpg,cat,train
C:\Users\Reymund\.cache\kagglehub\datasets\iamsouravbanerjee\animal-image-dataset-90-different-animals\versions\5\animals\animals\cat\5a5cdbdc6b.jpg,cat,train
C:\Users\Reymund\.cache\kagglehub\datasets\iamsouravbanerjee\animal-image-dataset-90-different-animals\versions\5\animals\animals\cat\5aaea25f27.jpg,cat,train
C:\Users\Reymund\.cache\kagglehub\datasets\iamsouravbanerjee\animal-image-dataset-90-different-animals\versions\5\animals\animals\cat\354bb2acdf.jpg,cat,train
C:\Users\Reymund\.cache\kagglehub\datasets\iamsouravbanerjee\animal-image-dataset-90-different-animals\versions\5\animals\animals\cat\71756f7bd0.jpg,cat,val
C:\Users\Reymund\.cache\kagglehub\datasets\iamsouravbanerjee\animal-image-dataset-90-different-animals\versions\5\animals\animals\cat\6a5e9eac29.jpg,cat,val
C:\Users\Reymund\.cache\kagglehub\datasets\iamsouravbanerjee\animal-image-dataset-90-different-animals\versions\5\animals\animals\cat\68a2e3af59.jpg,cat,val
C:\Users\Reymund\.cache\kagglehub\datasets\iamsouravbanerjee\animal-image-dataset-90-different-animals\versions\5\animals\animals\cat\578d493138.jpg,cat,val
C:\Users\Reymund\.cache\kagglehub\datasets\iamsouravbanerjee\animal-image-dataset-90-different-animals\versions\5\animals\animals\cat\1f016e1910.jpg,cat,val
C:\Users\Reymund\.cache\kagglehub\datasets\iamsouravbanerjee\animal-image-dataset-90-different-animals\versions\5\animals\animals\cat\3321ec48a8.jpg,cat,val
C:\Users\Reymund\.cache\kagglehub\datasets\iamsouravbanerjee\animal-image-dataset-90-different-animals\versions\5\animals\animals\cat\8aefee4c2c.jpg,cat,val
C:\Users\Reymund\.cache\kagglehub\datasets\iamsouravbanerjee\animal-image-dataset-90-different-animals\versions\5\animals\animals\cat\00357563a7.jpg,cat,val
C:\Users\Reymund\.cache\kagglehub\datasets\iamsouravbanerjee\animal-image-dataset-90-different-animals\versions\5\animals\animals\cat\66548aefad.jpg,cat,val
C:\Users\Reymund\.cache\kagglehub\datasets\iamsouravbanerjee\animal-image-dataset-90-different-animals\versions\5\animals\animals\cat\4bd8b7789f.jpg,cat,test
C:\Users\Reymund\.cache\kagglehub\datasets\iamsouravbanerjee\animal-image-dataset-90-different-animals\versions\5\animals\animals\cat\34fb30ecc5.jpg,cat,test
C:\Users\Reymund\.cache\kagglehub\datasets\iamsouravbanerjee\animal-image-dataset-90-different-animals\versions\5\animals\animals\cat\67dc417509.jpg,cat,test
C:\Users\Reymund\.cache\kagglehub\datasets\iamsouravbanerjee\animal-image-dataset-90-different-animals\versions\5\animals\animals\cat\6edc079fcf.jpg,cat,test
C:\Users\Reymund\.cache\kagglehub\datasets\iamsouravbanerjee\animal-image-dataset-90-different-animals\versions\5\animals\animals\cat\15b23c04b7.jpg,cat,test
C:\Users\Reymund\.cache\kagglehub\datasets\iamsouravbanerjee\animal-image-dataset-90-different-animals\versions\5\animals\animals\cat\78359cbe21.jpg,cat,test
C:\Users\Reymund\.cache\kagglehub\datasets\iamsouravbanerjee\animal-image-dataset-90-different-animals\versions\5\animals\animals\cat\72c56919f9.jpg,cat,test
C:\Users\Reymund\.cache\kagglehub\datasets\iamsouravbanerjee\animal-image-dataset-90-different-animals\versions\5\animals\animals\cat\4815f8dfaa.jpg,cat,test
C:\Users\Reymund\.cache\kagglehub\datasets\iamsouravbanerjee\animal-image-dataset-90-different-animals\versions\5\animals\animals\cat\71c2375c64.jpg,cat,test
